2026-06-24 18:09:28,552 [INFO] 🚀 WickFill Auto-Trader v2 — Zerodha Kite
2026-06-24 18:09:28,552 [INFO] Mode: 📝 PAPER TRADING
2026-06-24 18:09:28,553 [INFO] Capital per trade: ₹5,000.0
2026-06-24 18:09:28,553 [INFO] ✅ Connected to Zerodha Kite using ACCESS_TOKEN
2026-06-24 18:09:28,555 [INFO] 🔍 Starting scan loop…
2026-06-24 18:09:28,556 [INFO] Market closed. Opens in ~0 min. Sleeping 60 s…
2026-06-24 18:11:25,992 [INFO] 🚀 WickFill Auto-Trader v2 — Zerodha Kite
2026-06-24 18:11:25,993 [INFO] Mode: 📝 PAPER TRADING
2026-06-24 18:11:25,993 [INFO] Capital per trade: ₹5,000.0
2026-06-24 18:11:25,994 [INFO] ✅ Connected to Zerodha Kite using ACCESS_TOKEN
2026-06-24 18:11:25,995 [INFO] 🔍 Starting scan loop…
2026-06-24 18:11:25,996 [INFO] Market closed. Opens in ~0 min. Sleeping 60 s…
2026-06-24 18:11:26,259 [INFO] [31m[1mWARNING: This is a development server. Do not use it in a production deployment. Use a production WSGI server instead.[0m
 * Running on all addresses (0.0.0.0)
 * Running on http://127.0.0.1:5000
 * Running on http://192.168.1.23:5000
2026-06-24 18:11:26,260 [INFO] [33mPress CTRL+C to quit[0m
2026-06-24 18:12:26,024 [INFO] Market closed. Opens in ~0 min. Sleeping 60 s…
2026-06-24 18:13:26,075 [INFO] Market closed. Opens in ~0 min. Sleeping 60 s…
2026-06-24 18:14:26,149 [INFO] Market closed. Opens in ~0 min. Sleeping 60 s…
2026-06-24 18:15:26,208 [INFO] Market closed. Opens in ~0 min. Sleeping 60 s…
2026-06-24 18:15:55,409 [INFO] 127.0.0.1 - - [24/Jun/2026 18:15:55] "[35m[1mGET /dashboard HTTP/1.1[0m" 500 -
2026-06-24 18:15:56,072 [INFO] 127.0.0.1 - - [24/Jun/2026 18:15:56] "[33mGET /favicon.ico HTTP/1.1[0m" 404 -
2026-06-25 08:52:30,154 [INFO] 🚀 WickFill Auto-Trader v2 — Zerodha Kite
2026-06-25 08:52:30,154 [INFO] Mode: 📝 PAPER TRADING
2026-06-25 08:52:30,155 [INFO] Capital per trade: ₹5,000.0
2026-06-25 08:52:30,156 [INFO] ✅ Connected to Zerodha Kite using ACCESS_TOKEN
2026-06-25 08:52:30,158 [INFO] 🔍 Starting scan loop…
2026-06-25 08:52:30,159 [INFO] Market closed. Opens in ~22 min. Sleeping 60 s…
2026-06-25 08:52:30,436 [INFO] [31m[1mWARNING: This is a development server. Do not use it in a production deployment. Use a production WSGI server instead.[0m
 * Running on all addresses (0.0.0.0)
 * Running on http://127.0.0.1:5000
 * Running on http://192.168.1.23:5000
2026-06-25 08:52:30,436 [INFO] [33mPress CTRL+C to quit[0m
2026-06-25 08:53:30,219 [INFO] Market closed. Opens in ~21 min. Sleeping 60 s…
2026-06-25 08:54:30,263 [INFO] Market closed. Opens in ~20 min. Sleeping 60 s…
2026-06-25 08:55:30,323 [INFO] Market closed. Opens in ~19 min. Sleeping 60 s…
2026-06-25 08:56:30,384 [INFO] Market closed. Opens in ~18 min. Sleeping 60 s…
2026-06-25 08:57:30,445 [INFO] Market closed. Opens in ~17 min. Sleeping 60 s…
2026-06-25 08:58:30,448 [INFO] Market closed. Opens in ~16 min. Sleeping 60 s…
2026-06-25 08:59:30,507 [INFO] Market closed. Opens in ~15 min. Sleeping 60 s…
2026-06-25 09:00:30,542 [INFO] Market closed. Opens in ~14 min. Sleeping 60 s…
2026-06-25 09:01:30,603 [INFO] Market closed. Opens in ~13 min. Sleeping 60 s…
2026-06-25 09:02:30,663 [INFO] Market closed. Opens in ~12 min. Sleeping 60 s…
2026-06-25 09:03:30,713 [INFO] Market closed. Opens in ~11 min. Sleeping 60 s…
2026-06-25 09:04:30,726 [INFO] Market closed. Opens in ~10 min. Sleeping 60 s…
2026-06-25 09:05:30,767 [INFO] Market closed. Opens in ~9 min. Sleeping 60 s…
2026-06-25 09:06:30,827 [INFO] Market closed. Opens in ~8 min. Sleeping 60 s…
2026-06-25 09:07:30,888 [INFO] Market closed. Opens in ~7 min. Sleeping 60 s…
2026-06-25 09:08:30,948 [INFO] Market closed. Opens in ~6 min. Sleeping 60 s…
2026-06-25 09:09:30,973 [INFO] Market closed. Opens in ~5 min. Sleeping 60 s…
2026-06-25 09:10:31,034 [INFO] Market closed. Opens in ~4 min. Sleeping 60 s…
2026-06-25 09:11:31,080 [INFO] Market closed. Opens in ~3 min. Sleeping 60 s…
2026-06-25 09:12:31,140 [INFO] Market closed. Opens in ~2 min. Sleeping 60 s…
2026-06-25 09:13:31,156 [INFO] Market closed. Opens in ~1 min. Sleeping 60 s…
2026-06-25 09:14:31,195 [INFO] Market closed. Opens in ~0 min. Sleeping 60 s…
2026-06-25 09:15:31,223 [WARNING] Scan error RELIANCE: name 'EMA_LENGTH' is not defined
2026-06-25 09:15:31,625 [WARNING] Scan error TCS: name 'EMA_LENGTH' is not defined
2026-06-25 09:15:32,026 [WARNING] Scan error HDFCBANK: name 'EMA_LENGTH' is not defined
2026-06-25 09:15:32,427 [WARNING] Scan error INFY: name 'EMA_LENGTH' is not defined
2026-06-25 09:15:32,828 [WARNING] Scan error ICICIBANK: name 'EMA_LENGTH' is not defined
2026-06-25 09:15:33,229 [WARNING] Scan error HINDUNILVR: name 'EMA_LENGTH' is not defined
2026-06-25 09:15:33,630 [WARNING] Scan error ITC: name 'EMA_LENGTH' is not defined
2026-06-25 09:15:34,031 [WARNING] Scan error SBIN: name 'EMA_LENGTH' is not defined
2026-06-25 09:15:34,432 [WARNING] Scan error BHARTIARTL: name 'EMA_LENGTH' is not defined
2026-06-25 09:15:34,833 [WARNING] Scan error KOTAKBANK: name 'EMA_LENGTH' is not defined
2026-06-25 09:15:35,234 [WARNING] Scan error LT: name 'EMA_LENGTH' is not defined
2026-06-25 09:15:35,634 [WARNING] Scan error AXISBANK: name 'EMA_LENGTH' is not defined
2026-06-25 09:15:36,035 [WARNING] Scan error ASIANPAINT: name 'EMA_LENGTH' is not defined
2026-06-25 09:15:36,436 [WARNING] Scan error MARUTI: name 'EMA_LENGTH' is not defined
2026-06-25 09:15:36,836 [WARNING] Scan error SUNPHARMA: name 'EMA_LENGTH' is not defined
2026-06-25 09:15:37,237 [WARNING] Scan error WIPRO: name 'EMA_LENGTH' is not defined
2026-06-25 09:15:37,638 [WARNING] Scan error ULTRACEMCO: name 'EMA_LENGTH' is not defined
2026-06-25 09:15:38,039 [WARNING] Scan error TITAN: name 'EMA_LENGTH' is not defined
2026-06-25 09:15:38,440 [WARNING] Scan error BAJFINANCE: name 'EMA_LENGTH' is not defined
2026-06-25 09:15:38,840 [WARNING] Scan error NESTLEIND: name 'EMA_LENGTH' is not defined
2026-06-25 09:15:39,241 [WARNING] Scan error HCLTECH: name 'EMA_LENGTH' is not defined
2026-06-25 09:15:39,642 [WARNING] Scan error POWERGRID: name 'EMA_LENGTH' is not defined
2026-06-25 09:15:40,043 [WARNING] Scan error NTPC: name 'EMA_LENGTH' is not defined
2026-06-25 09:15:40,444 [WARNING] Scan error TECHM: name 'EMA_LENGTH' is not defined
2026-06-25 09:15:40,845 [WARNING] Scan error INDUSINDBK: name 'EMA_LENGTH' is not defined
2026-06-25 09:15:41,245 [WARNING] Scan error M&M: name 'EMA_LENGTH' is not defined
2026-06-25 09:15:41,646 [WARNING] Scan error TATASTEEL: name 'EMA_LENGTH' is not defined
2026-06-25 09:15:42,047 [WARNING] Scan error BAJAJ-AUTO: name 'EMA_LENGTH' is not defined
2026-06-25 09:15:42,448 [WARNING] Scan error GRASIM: name 'EMA_LENGTH' is not defined
2026-06-25 09:15:42,849 [WARNING] Scan error ADANIPORTS: name 'EMA_LENGTH' is not defined
2026-06-25 09:15:43,250 [WARNING] Scan error ONGC: name 'EMA_LENGTH' is not defined
2026-06-25 09:15:43,651 [WARNING] Scan error COALINDIA: name 'EMA_LENGTH' is not defined
2026-06-25 09:15:44,052 [WARNING] Scan error JSWSTEEL: name 'EMA_LENGTH' is not defined
2026-06-25 09:15:44,453 [WARNING] Scan error BRITANNIA: name 'EMA_LENGTH' is not defined
2026-06-25 09:15:44,854 [WARNING] Scan error DIVISLAB: name 'EMA_LENGTH' is not defined
2026-06-25 09:15:45,255 [WARNING] Scan error CIPLA: name 'EMA_LENGTH' is not defined
2026-06-25 09:15:45,656 [WARNING] Scan error HDFCLIFE: name 'EMA_LENGTH' is not defined
2026-06-25 09:15:46,057 [WARNING] Scan error SBILIFE: name 'EMA_LENGTH' is not defined
2026-06-25 09:15:46,458 [WARNING] Scan error BPCL: name 'EMA_LENGTH' is not defined
2026-06-25 09:15:46,859 [WARNING] Scan error HEROMOTOCO: name 'EMA_LENGTH' is not defined
2026-06-25 09:15:47,260 [WARNING] Scan error TATACONSUM: name 'EMA_LENGTH' is not defined
2026-06-25 09:15:47,661 [WARNING] Scan error APOLLOHOSP: name 'EMA_LENGTH' is not defined
2026-06-25 09:15:48,062 [WARNING] Scan error DRREDDY: name 'EMA_LENGTH' is not defined
2026-06-25 09:15:48,463 [WARNING] Scan error EICHERMOT: name 'EMA_LENGTH' is not defined
2026-06-25 09:15:48,864 [WARNING] Scan error HINDALCO: name 'EMA_LENGTH' is not defined
2026-06-25 09:15:49,265 [WARNING] Scan error UPL: name 'EMA_LENGTH' is not defined
2026-06-25 09:15:49,666 [WARNING] Scan error TATAMOTORS: name 'EMA_LENGTH' is not defined
2026-06-25 09:15:50,068 [WARNING] Scan error VEDL: name 'EMA_LENGTH' is not defined
2026-06-25 09:15:50,469 [WARNING] Scan error ADANIENT: name 'EMA_LENGTH' is not defined
2026-06-25 09:15:50,870 [WARNING] Scan error BAJAJFINSV: name 'EMA_LENGTH' is not defined
2026-06-25 09:15:51,275 [INFO] Scan complete | Positions: 0/5 | PnL: ₹0.00
2026-06-25 09:16:51,324 [WARNING] Scan error RELIANCE: name 'EMA_LENGTH' is not defined
2026-06-25 09:16:51,725 [WARNING] Scan error TCS: name 'EMA_LENGTH' is not defined
2026-06-25 09:16:52,126 [WARNING] Scan error HDFCBANK: name 'EMA_LENGTH' is not defined
2026-06-25 09:16:52,527 [WARNING] Scan error INFY: name 'EMA_LENGTH' is not defined
2026-06-25 09:16:52,928 [WARNING] Scan error ICICIBANK: name 'EMA_LENGTH' is not defined
2026-06-25 09:16:53,329 [WARNING] Scan error HINDUNILVR: name 'EMA_LENGTH' is not defined
2026-06-25 09:16:53,730 [WARNING] Scan error ITC: name 'EMA_LENGTH' is not defined
2026-06-25 09:16:54,131 [WARNING] Scan error SBIN: name 'EMA_LENGTH' is not defined
2026-06-25 09:16:54,532 [WARNING] Scan error BHARTIARTL: name 'EMA_LENGTH' is not defined
2026-06-25 09:16:54,933 [WARNING] Scan error KOTAKBANK: name 'EMA_LENGTH' is not defined
2026-06-25 09:16:55,334 [WARNING] Scan error LT: name 'EMA_LENGTH' is not defined
2026-06-25 09:16:55,735 [WARNING] Scan error AXISBANK: name 'EMA_LENGTH' is not defined
2026-06-25 09:16:56,136 [WARNING] Scan error ASIANPAINT: name 'EMA_LENGTH' is not defined
2026-06-25 09:16:56,537 [WARNING] Scan error MARUTI: name 'EMA_LENGTH' is not defined
2026-06-25 09:16:56,938 [WARNING] Scan error SUNPHARMA: name 'EMA_LENGTH' is not defined
2026-06-25 09:16:57,339 [WARNING] Scan error WIPRO: name 'EMA_LENGTH' is not defined
2026-06-25 09:16:57,740 [WARNING] Scan error ULTRACEMCO: name 'EMA_LENGTH' is not defined
2026-06-25 09:16:58,141 [WARNING] Scan error TITAN: name 'EMA_LENGTH' is not defined
2026-06-25 09:16:58,542 [WARNING] Scan error BAJFINANCE: name 'EMA_LENGTH' is not defined
2026-06-25 09:16:58,944 [WARNING] Scan error NESTLEIND: name 'EMA_LENGTH' is not defined
2026-06-25 09:16:59,345 [WARNING] Scan error HCLTECH: name 'EMA_LENGTH' is not defined
2026-06-25 09:16:59,746 [WARNING] Scan error POWERGRID: name 'EMA_LENGTH' is not defined
2026-06-25 09:17:00,147 [WARNING] Scan error NTPC: name 'EMA_LENGTH' is not defined
2026-06-25 09:17:00,548 [WARNING] Scan error TECHM: name 'EMA_LENGTH' is not defined
2026-06-25 09:17:00,949 [WARNING] Scan error INDUSINDBK: name 'EMA_LENGTH' is not defined
2026-06-25 09:17:01,350 [WARNING] Scan error M&M: name 'EMA_LENGTH' is not defined
2026-06-25 09:17:01,751 [WARNING] Scan error TATASTEEL: name 'EMA_LENGTH' is not defined
2026-06-25 09:17:02,152 [WARNING] Scan error BAJAJ-AUTO: name 'EMA_LENGTH' is not defined
2026-06-25 09:17:02,553 [WARNING] Scan error GRASIM: name 'EMA_LENGTH' is not defined
2026-06-25 09:17:02,954 [WARNING] Scan error ADANIPORTS: name 'EMA_LENGTH' is not defined
2026-06-25 09:17:03,355 [WARNING] Scan error ONGC: name 'EMA_LENGTH' is not defined
2026-06-25 09:17:03,756 [WARNING] Scan error COALINDIA: name 'EMA_LENGTH' is not defined
2026-06-25 09:17:04,157 [WARNING] Scan error JSWSTEEL: name 'EMA_LENGTH' is not defined
2026-06-25 09:17:04,558 [WARNING] Scan error BRITANNIA: name 'EMA_LENGTH' is not defined
2026-06-25 09:17:04,959 [WARNING] Scan error DIVISLAB: name 'EMA_LENGTH' is not defined
2026-06-25 09:17:05,360 [WARNING] Scan error CIPLA: name 'EMA_LENGTH' is not defined
2026-06-25 09:17:05,761 [WARNING] Scan error HDFCLIFE: name 'EMA_LENGTH' is not defined
2026-06-25 09:17:06,162 [WARNING] Scan error SBILIFE: name 'EMA_LENGTH' is not defined
2026-06-25 09:17:06,564 [WARNING] Scan error BPCL: name 'EMA_LENGTH' is not defined
2026-06-25 09:17:06,965 [WARNING] Scan error HEROMOTOCO: name 'EMA_LENGTH' is not defined
2026-06-25 09:17:07,366 [WARNING] Scan error TATACONSUM: name 'EMA_LENGTH' is not defined
2026-06-25 09:17:07,767 [WARNING] Scan error APOLLOHOSP: name 'EMA_LENGTH' is not defined
2026-06-25 09:17:08,168 [WARNING] Scan error DRREDDY: name 'EMA_LENGTH' is not defined
2026-06-25 09:17:08,569 [WARNING] Scan error EICHERMOT: name 'EMA_LENGTH' is not defined
2026-06-25 09:17:08,970 [WARNING] Scan error HINDALCO: name 'EMA_LENGTH' is not defined
2026-06-25 09:17:09,371 [WARNING] Scan error UPL: name 'EMA_LENGTH' is not defined
2026-06-25 09:17:09,772 [WARNING] Scan error TATAMOTORS: name 'EMA_LENGTH' is not defined
2026-06-25 09:17:10,173 [WARNING] Scan error VEDL: name 'EMA_LENGTH' is not defined
2026-06-25 09:17:10,574 [WARNING] Scan error ADANIENT: name 'EMA_LENGTH' is not defined
2026-06-25 09:17:10,975 [WARNING] Scan error BAJAJFINSV: name 'EMA_LENGTH' is not defined
2026-06-25 09:17:11,376 [INFO] Scan complete | Positions: 0/5 | PnL: ₹0.00
2026-06-25 09:18:11,430 [WARNING] Scan error RELIANCE: name 'EMA_LENGTH' is not defined
2026-06-25 09:18:11,831 [WARNING] Scan error TCS: name 'EMA_LENGTH' is not defined
2026-06-25 09:18:12,232 [WARNING] Scan error HDFCBANK: name 'EMA_LENGTH' is not defined
2026-06-25 09:18:12,633 [WARNING] Scan error INFY: name 'EMA_LENGTH' is not defined
2026-06-25 09:18:13,034 [WARNING] Scan error ICICIBANK: name 'EMA_LENGTH' is not defined
2026-06-25 09:18:13,435 [WARNING] Scan error HINDUNILVR: name 'EMA_LENGTH' is not defined
2026-06-25 09:18:13,836 [WARNING] Scan error ITC: name 'EMA_LENGTH' is not defined
2026-06-25 09:18:14,237 [WARNING] Scan error SBIN: name 'EMA_LENGTH' is not defined
2026-06-25 09:18:14,638 [WARNING] Scan error BHARTIARTL: name 'EMA_LENGTH' is not defined
2026-06-25 09:18:15,039 [WARNING] Scan error KOTAKBANK: name 'EMA_LENGTH' is not defined
2026-06-25 09:18:15,440 [WARNING] Scan error LT: name 'EMA_LENGTH' is not defined
2026-06-25 09:18:15,841 [WARNING] Scan error AXISBANK: name 'EMA_LENGTH' is not defined
2026-06-25 09:18:16,242 [WARNING] Scan error ASIANPAINT: name 'EMA_LENGTH' is not defined
2026-06-25 09:18:16,643 [WARNING] Scan error MARUTI: name 'EMA_LENGTH' is not defined
2026-06-25 09:18:17,044 [WARNING] Scan error SUNPHARMA: name 'EMA_LENGTH' is not defined
2026-06-25 09:18:17,445 [WARNING] Scan error WIPRO: name 'EMA_LENGTH' is not defined
2026-06-25 09:18:17,846 [WARNING] Scan error ULTRACEMCO: name 'EMA_LENGTH' is not defined
2026-06-25 09:18:18,247 [WARNING] Scan error TITAN: name 'EMA_LENGTH' is not defined
2026-06-25 09:18:18,648 [WARNING] Scan error BAJFINANCE: name 'EMA_LENGTH' is not defined
2026-06-25 09:18:19,049 [WARNING] Scan error NESTLEIND: name 'EMA_LENGTH' is not defined
2026-06-25 09:18:19,450 [WARNING] Scan error HCLTECH: name 'EMA_LENGTH' is not defined
2026-06-25 09:18:19,851 [WARNING] Scan error POWERGRID: name 'EMA_LENGTH' is not defined
2026-06-25 09:18:20,252 [WARNING] Scan error NTPC: name 'EMA_LENGTH' is not defined
2026-06-25 09:18:20,653 [WARNING] Scan error TECHM: name 'EMA_LENGTH' is not defined
2026-06-25 09:18:21,054 [WARNING] Scan error INDUSINDBK: name 'EMA_LENGTH' is not defined
2026-06-25 09:18:21,455 [WARNING] Scan error M&M: name 'EMA_LENGTH' is not defined
2026-06-25 09:18:21,856 [WARNING] Scan error TATASTEEL: name 'EMA_LENGTH' is not defined
2026-06-25 09:18:22,257 [WARNING] Scan error BAJAJ-AUTO: name 'EMA_LENGTH' is not defined
2026-06-25 09:18:22,658 [WARNING] Scan error GRASIM: name 'EMA_LENGTH' is not defined
2026-06-25 09:18:23,059 [WARNING] Scan error ADANIPORTS: name 'EMA_LENGTH' is not defined
2026-06-25 09:18:23,460 [WARNING] Scan error ONGC: name 'EMA_LENGTH' is not defined
2026-06-25 09:18:23,861 [WARNING] Scan error COALINDIA: name 'EMA_LENGTH' is not defined
2026-06-25 09:18:24,262 [WARNING] Scan error JSWSTEEL: name 'EMA_LENGTH' is not defined
2026-06-25 09:18:24,663 [WARNING] Scan error BRITANNIA: name 'EMA_LENGTH' is not defined
2026-06-25 09:18:25,064 [WARNING] Scan error DIVISLAB: name 'EMA_LENGTH' is not defined
2026-06-25 09:18:25,465 [WARNING] Scan error CIPLA: name 'EMA_LENGTH' is not defined
2026-06-25 09:18:25,865 [WARNING] Scan error HDFCLIFE: name 'EMA_LENGTH' is not defined
2026-06-25 09:18:26,266 [WARNING] Scan error SBILIFE: name 'EMA_LENGTH' is not defined
2026-06-25 09:18:26,667 [WARNING] Scan error BPCL: name 'EMA_LENGTH' is not defined
2026-06-25 09:18:27,068 [WARNING] Scan error HEROMOTOCO: name 'EMA_LENGTH' is not defined
2026-06-25 09:18:27,469 [WARNING] Scan error TATACONSUM: name 'EMA_LENGTH' is not defined
2026-06-25 09:18:27,870 [WARNING] Scan error APOLLOHOSP: name 'EMA_LENGTH' is not defined
2026-06-25 09:18:28,271 [WARNING] Scan error DRREDDY: name 'EMA_LENGTH' is not defined
2026-06-25 09:18:28,672 [WARNING] Scan error EICHERMOT: name 'EMA_LENGTH' is not defined
2026-06-25 09:18:29,073 [WARNING] Scan error HINDALCO: name 'EMA_LENGTH' is not defined
2026-06-25 09:18:29,474 [WARNING] Scan error UPL: name 'EMA_LENGTH' is not defined
2026-06-25 09:18:29,875 [WARNING] Scan error TATAMOTORS: name 'EMA_LENGTH' is not defined
2026-06-25 09:18:30,276 [WARNING] Scan error VEDL: name 'EMA_LENGTH' is not defined
2026-06-25 09:18:30,677 [WARNING] Scan error ADANIENT: name 'EMA_LENGTH' is not defined
2026-06-25 09:18:31,079 [WARNING] Scan error BAJAJFINSV: name 'EMA_LENGTH' is not defined
2026-06-25 09:18:31,480 [INFO] Scan complete | Positions: 0/5 | PnL: ₹0.00
2026-06-25 09:19:31,541 [WARNING] Scan error RELIANCE: name 'EMA_LENGTH' is not defined
2026-06-25 09:19:31,942 [WARNING] Scan error TCS: name 'EMA_LENGTH' is not defined
2026-06-25 09:19:32,343 [WARNING] Scan error HDFCBANK: name 'EMA_LENGTH' is not defined
2026-06-25 09:19:32,744 [WARNING] Scan error INFY: name 'EMA_LENGTH' is not defined
2026-06-25 09:19:33,145 [WARNING] Scan error ICICIBANK: name 'EMA_LENGTH' is not defined
2026-06-25 09:19:33,546 [WARNING] Scan error HINDUNILVR: name 'EMA_LENGTH' is not defined
2026-06-25 09:19:33,947 [WARNING] Scan error ITC: name 'EMA_LENGTH' is not defined
2026-06-25 09:19:34,348 [WARNING] Scan error SBIN: name 'EMA_LENGTH' is not defined
2026-06-25 09:19:34,748 [WARNING] Scan error BHARTIARTL: name 'EMA_LENGTH' is not defined
2026-06-25 09:19:35,149 [WARNING] Scan error KOTAKBANK: name 'EMA_LENGTH' is not defined
2026-06-25 09:19:35,550 [WARNING] Scan error LT: name 'EMA_LENGTH' is not defined
2026-06-25 09:19:35,951 [WARNING] Scan error AXISBANK: name 'EMA_LENGTH' is not defined
2026-06-25 09:19:36,352 [WARNING] Scan error ASIANPAINT: name 'EMA_LENGTH' is not defined
2026-06-25 09:19:36,753 [WARNING] Scan error MARUTI: name 'EMA_LENGTH' is not defined
2026-06-25 09:19:37,154 [WARNING] Scan error SUNPHARMA: name 'EMA_LENGTH' is not defined
2026-06-25 09:19:37,555 [WARNING] Scan error WIPRO: name 'EMA_LENGTH' is not defined
2026-06-25 09:19:37,956 [WARNING] Scan error ULTRACEMCO: name 'EMA_LENGTH' is not defined
2026-06-25 09:19:38,357 [WARNING] Scan error TITAN: name 'EMA_LENGTH' is not defined
2026-06-25 09:19:38,758 [WARNING] Scan error BAJFINANCE: name 'EMA_LENGTH' is not defined
2026-06-25 09:19:39,158 [WARNING] Scan error NESTLEIND: name 'EMA_LENGTH' is not defined
2026-06-25 09:19:39,559 [WARNING] Scan error HCLTECH: name 'EMA_LENGTH' is not defined
2026-06-25 09:19:39,960 [WARNING] Scan error POWERGRID: name 'EMA_LENGTH' is not defined
2026-06-25 09:19:40,361 [WARNING] Scan error NTPC: name 'EMA_LENGTH' is not defined
2026-06-25 09:19:40,762 [WARNING] Scan error TECHM: name 'EMA_LENGTH' is not defined
2026-06-25 09:19:41,163 [WARNING] Scan error INDUSINDBK: name 'EMA_LENGTH' is not defined
2026-06-25 09:19:41,564 [WARNING] Scan error M&M: name 'EMA_LENGTH' is not defined
2026-06-25 09:19:41,965 [WARNING] Scan error TATASTEEL: name 'EMA_LENGTH' is not defined
2026-06-25 09:19:42,366 [WARNING] Scan error BAJAJ-AUTO: name 'EMA_LENGTH' is not defined
2026-06-25 09:19:42,767 [WARNING] Scan error GRASIM: name 'EMA_LENGTH' is not defined
2026-06-25 09:19:43,168 [WARNING] Scan error ADANIPORTS: name 'EMA_LENGTH' is not defined
2026-06-25 09:19:43,569 [WARNING] Scan error ONGC: name 'EMA_LENGTH' is not defined
2026-06-25 09:19:43,970 [WARNING] Scan error COALINDIA: name 'EMA_LENGTH' is not defined
2026-06-25 09:19:44,370 [WARNING] Scan error JSWSTEEL: name 'EMA_LENGTH' is not defined
2026-06-25 09:19:44,771 [WARNING] Scan error BRITANNIA: name 'EMA_LENGTH' is not defined
2026-06-25 09:19:45,172 [WARNING] Scan error DIVISLAB: name 'EMA_LENGTH' is not defined
2026-06-25 09:19:45,573 [WARNING] Scan error CIPLA: name 'EMA_LENGTH' is not defined
2026-06-25 09:19:45,974 [WARNING] Scan error HDFCLIFE: name 'EMA_LENGTH' is not defined
2026-06-25 09:19:46,375 [WARNING] Scan error SBILIFE: name 'EMA_LENGTH' is not defined
2026-06-25 09:19:46,776 [WARNING] Scan error BPCL: name 'EMA_LENGTH' is not defined
2026-06-25 09:19:47,177 [WARNING] Scan error HEROMOTOCO: name 'EMA_LENGTH' is not defined
2026-06-25 09:19:47,578 [WARNING] Scan error TATACONSUM: name 'EMA_LENGTH' is not defined
2026-06-25 09:19:47,978 [WARNING] Scan error APOLLOHOSP: name 'EMA_LENGTH' is not defined
2026-06-25 09:19:48,379 [WARNING] Scan error DRREDDY: name 'EMA_LENGTH' is not defined
2026-06-25 09:19:48,780 [WARNING] Scan error EICHERMOT: name 'EMA_LENGTH' is not defined
2026-06-25 09:19:49,181 [WARNING] Scan error HINDALCO: name 'EMA_LENGTH' is not defined
2026-06-25 09:19:49,582 [WARNING] Scan error UPL: name 'EMA_LENGTH' is not defined
2026-06-25 09:19:49,983 [WARNING] Scan error TATAMOTORS: name 'EMA_LENGTH' is not defined
2026-06-25 09:19:50,384 [WARNING] Scan error VEDL: name 'EMA_LENGTH' is not defined
2026-06-25 09:19:50,785 [WARNING] Scan error ADANIENT: name 'EMA_LENGTH' is not defined
2026-06-25 09:19:51,186 [WARNING] Scan error BAJAJFINSV: name 'EMA_LENGTH' is not defined
2026-06-25 09:19:51,587 [INFO] Scan complete | Positions: 0/5 | PnL: ₹0.00
2026-06-25 09:20:51,642 [WARNING] Scan error RELIANCE: name 'EMA_LENGTH' is not defined
2026-06-25 09:20:52,043 [WARNING] Scan error TCS: name 'EMA_LENGTH' is not defined
2026-06-25 09:20:52,444 [WARNING] Scan error HDFCBANK: name 'EMA_LENGTH' is not defined
2026-06-25 09:20:52,845 [WARNING] Scan error INFY: name 'EMA_LENGTH' is not defined
2026-06-25 09:20:53,246 [WARNING] Scan error ICICIBANK: name 'EMA_LENGTH' is not defined
2026-06-25 09:20:53,647 [WARNING] Scan error HINDUNILVR: name 'EMA_LENGTH' is not defined
2026-06-25 09:20:54,048 [WARNING] Scan error ITC: name 'EMA_LENGTH' is not defined
2026-06-25 09:20:54,449 [WARNING] Scan error SBIN: name 'EMA_LENGTH' is not defined
2026-06-25 09:20:54,850 [WARNING] Scan error BHARTIARTL: name 'EMA_LENGTH' is not defined
2026-06-25 09:20:55,251 [WARNING] Scan error KOTAKBANK: name 'EMA_LENGTH' is not defined
2026-06-25 09:20:55,652 [WARNING] Scan error LT: name 'EMA_LENGTH' is not defined
2026-06-25 09:20:56,053 [WARNING] Scan error AXISBANK: name 'EMA_LENGTH' is not defined
2026-06-25 09:20:56,454 [WARNING] Scan error ASIANPAINT: name 'EMA_LENGTH' is not defined
2026-06-25 09:20:56,855 [WARNING] Scan error MARUTI: name 'EMA_LENGTH' is not defined
2026-06-25 09:20:57,256 [WARNING] Scan error SUNPHARMA: name 'EMA_LENGTH' is not defined
2026-06-25 09:20:57,658 [WARNING] Scan error WIPRO: name 'EMA_LENGTH' is not defined
2026-06-25 09:20:58,058 [WARNING] Scan error ULTRACEMCO: name 'EMA_LENGTH' is not defined
2026-06-25 09:20:58,459 [WARNING] Scan error TITAN: name 'EMA_LENGTH' is not defined
2026-06-25 09:20:58,860 [WARNING] Scan error BAJFINANCE: name 'EMA_LENGTH' is not defined
2026-06-25 09:20:59,261 [WARNING] Scan error NESTLEIND: name 'EMA_LENGTH' is not defined
2026-06-25 09:20:59,662 [WARNING] Scan error HCLTECH: name 'EMA_LENGTH' is not defined
2026-06-25 09:21:00,064 [WARNING] Scan error POWERGRID: name 'EMA_LENGTH' is not defined
2026-06-25 09:21:00,465 [WARNING] Scan error NTPC: name 'EMA_LENGTH' is not defined
2026-06-25 09:21:00,865 [WARNING] Scan error TECHM: name 'EMA_LENGTH' is not defined
2026-06-25 09:21:01,267 [WARNING] Scan error INDUSINDBK: name 'EMA_LENGTH' is not defined
2026-06-25 09:21:01,668 [WARNING] Scan error M&M: name 'EMA_LENGTH' is not defined
2026-06-25 09:21:02,069 [WARNING] Scan error TATASTEEL: name 'EMA_LENGTH' is not defined
2026-06-25 09:21:02,470 [WARNING] Scan error BAJAJ-AUTO: name 'EMA_LENGTH' is not defined
2026-06-25 09:21:02,871 [WARNING] Scan error GRASIM: name 'EMA_LENGTH' is not defined
2026-06-25 09:21:03,272 [WARNING] Scan error ADANIPORTS: name 'EMA_LENGTH' is not defined
2026-06-25 09:21:03,673 [WARNING] Scan error ONGC: name 'EMA_LENGTH' is not defined
2026-06-25 09:21:04,074 [WARNING] Scan error COALINDIA: name 'EMA_LENGTH' is not defined
2026-06-25 09:21:04,475 [WARNING] Scan error JSWSTEEL: name 'EMA_LENGTH' is not defined
2026-06-25 09:21:04,877 [WARNING] Scan error BRITANNIA: name 'EMA_LENGTH' is not defined
2026-06-25 09:21:05,278 [WARNING] Scan error DIVISLAB: name 'EMA_LENGTH' is not defined
2026-06-25 09:21:05,679 [WARNING] Scan error CIPLA: name 'EMA_LENGTH' is not defined
2026-06-25 09:21:06,080 [WARNING] Scan error HDFCLIFE: name 'EMA_LENGTH' is not defined
2026-06-25 09:21:06,481 [WARNING] Scan error SBILIFE: name 'EMA_LENGTH' is not defined
2026-06-25 09:21:06,882 [WARNING] Scan error BPCL: name 'EMA_LENGTH' is not defined
2026-06-25 09:21:07,283 [WARNING] Scan error HEROMOTOCO: name 'EMA_LENGTH' is not defined
2026-06-25 09:21:07,684 [WARNING] Scan error TATACONSUM: name 'EMA_LENGTH' is not defined
2026-06-25 09:21:08,085 [WARNING] Scan error APOLLOHOSP: name 'EMA_LENGTH' is not defined
2026-06-25 09:21:08,486 [WARNING] Scan error DRREDDY: name 'EMA_LENGTH' is not defined
2026-06-25 09:21:08,887 [WARNING] Scan error EICHERMOT: name 'EMA_LENGTH' is not defined
2026-06-25 09:21:09,288 [WARNING] Scan error HINDALCO: name 'EMA_LENGTH' is not defined
2026-06-25 09:21:09,689 [WARNING] Scan error UPL: name 'EMA_LENGTH' is not defined
2026-06-25 09:21:10,090 [WARNING] Scan error TATAMOTORS: name 'EMA_LENGTH' is not defined
2026-06-25 09:21:10,491 [WARNING] Scan error VEDL: name 'EMA_LENGTH' is not defined
2026-06-25 09:21:10,892 [WARNING] Scan error ADANIENT: name 'EMA_LENGTH' is not defined
2026-06-25 09:21:11,293 [WARNING] Scan error BAJAJFINSV: name 'EMA_LENGTH' is not defined
2026-06-25 09:21:11,694 [INFO] Scan complete | Positions: 0/5 | PnL: ₹0.00
2026-06-25 09:22:11,744 [WARNING] Scan error RELIANCE: name 'EMA_LENGTH' is not defined
2026-06-25 09:22:12,146 [WARNING] Scan error TCS: name 'EMA_LENGTH' is not defined
2026-06-25 09:22:12,547 [WARNING] Scan error HDFCBANK: name 'EMA_LENGTH' is not defined
2026-06-25 09:22:12,948 [WARNING] Scan error INFY: name 'EMA_LENGTH' is not defined
2026-06-25 09:22:13,349 [WARNING] Scan error ICICIBANK: name 'EMA_LENGTH' is not defined
2026-06-25 09:22:13,750 [WARNING] Scan error HINDUNILVR: name 'EMA_LENGTH' is not defined
2026-06-25 09:22:14,151 [WARNING] Scan error ITC: name 'EMA_LENGTH' is not defined
2026-06-25 09:22:14,552 [WARNING] Scan error SBIN: name 'EMA_LENGTH' is not defined
2026-06-25 09:22:14,953 [WARNING] Scan error BHARTIARTL: name 'EMA_LENGTH' is not defined
2026-06-25 09:22:15,354 [WARNING] Scan error KOTAKBANK: name 'EMA_LENGTH' is not defined
2026-06-25 09:22:15,755 [WARNING] Scan error LT: name 'EMA_LENGTH' is not defined
2026-06-25 09:22:16,156 [WARNING] Scan error AXISBANK: name 'EMA_LENGTH' is not defined
2026-06-25 09:22:16,557 [WARNING] Scan error ASIANPAINT: name 'EMA_LENGTH' is not defined
2026-06-25 09:22:16,958 [WARNING] Scan error MARUTI: name 'EMA_LENGTH' is not defined
2026-06-25 09:22:17,359 [WARNING] Scan error SUNPHARMA: name 'EMA_LENGTH' is not defined
2026-06-25 09:22:17,760 [WARNING] Scan error WIPRO: name 'EMA_LENGTH' is not defined
2026-06-25 09:22:18,160 [WARNING] Scan error ULTRACEMCO: name 'EMA_LENGTH' is not defined
2026-06-25 09:22:18,561 [WARNING] Scan error TITAN: name 'EMA_LENGTH' is not defined
2026-06-25 09:22:18,962 [WARNING] Scan error BAJFINANCE: name 'EMA_LENGTH' is not defined
2026-06-25 09:22:19,363 [WARNING] Scan error NESTLEIND: name 'EMA_LENGTH' is not defined
2026-06-25 09:22:19,764 [WARNING] Scan error HCLTECH: name 'EMA_LENGTH' is not defined
2026-06-25 09:22:20,165 [WARNING] Scan error POWERGRID: name 'EMA_LENGTH' is not defined
2026-06-25 09:22:20,565 [WARNING] Scan error NTPC: name 'EMA_LENGTH' is not defined
2026-06-25 09:22:20,966 [WARNING] Scan error TECHM: name 'EMA_LENGTH' is not defined
2026-06-25 09:22:21,367 [WARNING] Scan error INDUSINDBK: name 'EMA_LENGTH' is not defined
2026-06-25 09:22:21,768 [WARNING] Scan error M&M: name 'EMA_LENGTH' is not defined
2026-06-25 09:22:22,168 [WARNING] Scan error TATASTEEL: name 'EMA_LENGTH' is not defined
2026-06-25 09:22:22,569 [WARNING] Scan error BAJAJ-AUTO: name 'EMA_LENGTH' is not defined
2026-06-25 09:22:22,970 [WARNING] Scan error GRASIM: name 'EMA_LENGTH' is not defined
2026-06-25 09:22:23,371 [WARNING] Scan error ADANIPORTS: name 'EMA_LENGTH' is not defined
2026-06-25 09:22:23,772 [WARNING] Scan error ONGC: name 'EMA_LENGTH' is not defined
2026-06-25 09:22:24,173 [WARNING] Scan error COALINDIA: name 'EMA_LENGTH' is not defined
2026-06-25 09:22:24,574 [WARNING] Scan error JSWSTEEL: name 'EMA_LENGTH' is not defined
2026-06-25 09:22:24,975 [WARNING] Scan error BRITANNIA: name 'EMA_LENGTH' is not defined
2026-06-25 09:22:25,376 [WARNING] Scan error DIVISLAB: name 'EMA_LENGTH' is not defined
2026-06-25 09:22:25,777 [WARNING] Scan error CIPLA: name 'EMA_LENGTH' is not defined
2026-06-25 09:22:26,178 [WARNING] Scan error HDFCLIFE: name 'EMA_LENGTH' is not defined
2026-06-25 09:22:26,579 [WARNING] Scan error SBILIFE: name 'EMA_LENGTH' is not defined
2026-06-25 09:22:26,980 [WARNING] Scan error BPCL: name 'EMA_LENGTH' is not defined
2026-06-25 09:22:27,381 [WARNING] Scan error HEROMOTOCO: name 'EMA_LENGTH' is not defined
2026-06-25 09:22:27,782 [WARNING] Scan error TATACONSUM: name 'EMA_LENGTH' is not defined
2026-06-25 09:22:28,183 [WARNING] Scan error APOLLOHOSP: name 'EMA_LENGTH' is not defined
2026-06-25 09:22:28,584 [WARNING] Scan error DRREDDY: name 'EMA_LENGTH' is not defined
2026-06-25 09:22:28,985 [WARNING] Scan error EICHERMOT: name 'EMA_LENGTH' is not defined
2026-06-25 09:22:29,386 [WARNING] Scan error HINDALCO: name 'EMA_LENGTH' is not defined
2026-06-25 09:22:29,788 [WARNING] Scan error UPL: name 'EMA_LENGTH' is not defined
2026-06-25 09:22:30,189 [WARNING] Scan error TATAMOTORS: name 'EMA_LENGTH' is not defined
2026-06-25 09:22:30,590 [WARNING] Scan error VEDL: name 'EMA_LENGTH' is not defined
2026-06-25 09:22:30,991 [WARNING] Scan error ADANIENT: name 'EMA_LENGTH' is not defined
2026-06-25 09:22:31,392 [WARNING] Scan error BAJAJFINSV: name 'EMA_LENGTH' is not defined
2026-06-25 09:22:31,793 [INFO] Scan complete | Positions: 0/5 | PnL: ₹0.00
2026-06-25 09:23:31,839 [WARNING] Scan error RELIANCE: name 'EMA_LENGTH' is not defined
2026-06-25 09:23:32,240 [WARNING] Scan error TCS: name 'EMA_LENGTH' is not defined
2026-06-25 09:23:32,641 [WARNING] Scan error HDFCBANK: name 'EMA_LENGTH' is not defined
2026-06-25 09:23:33,042 [WARNING] Scan error INFY: name 'EMA_LENGTH' is not defined
2026-06-25 09:23:33,443 [WARNING] Scan error ICICIBANK: name 'EMA_LENGTH' is not defined
2026-06-25 09:23:33,844 [WARNING] Scan error HINDUNILVR: name 'EMA_LENGTH' is not defined
2026-06-25 09:23:34,245 [WARNING] Scan error ITC: name 'EMA_LENGTH' is not defined
2026-06-25 09:23:34,646 [WARNING] Scan error SBIN: name 'EMA_LENGTH' is not defined
2026-06-25 09:23:35,047 [WARNING] Scan error BHARTIARTL: name 'EMA_LENGTH' is not defined
2026-06-25 09:23:35,449 [WARNING] Scan error KOTAKBANK: name 'EMA_LENGTH' is not defined
2026-06-25 09:23:35,850 [WARNING] Scan error LT: name 'EMA_LENGTH' is not defined
2026-06-25 09:23:36,251 [WARNING] Scan error AXISBANK: name 'EMA_LENGTH' is not defined
2026-06-25 09:23:36,652 [WARNING] Scan error ASIANPAINT: name 'EMA_LENGTH' is not defined
2026-06-25 09:23:37,053 [WARNING] Scan error MARUTI: name 'EMA_LENGTH' is not defined
2026-06-25 09:23:37,454 [WARNING] Scan error SUNPHARMA: name 'EMA_LENGTH' is not defined
2026-06-25 09:23:37,855 [WARNING] Scan error WIPRO: name 'EMA_LENGTH' is not defined
2026-06-25 09:23:38,256 [WARNING] Scan error ULTRACEMCO: name 'EMA_LENGTH' is not defined
2026-06-25 09:23:38,657 [WARNING] Scan error TITAN: name 'EMA_LENGTH' is not defined
2026-06-25 09:23:39,058 [WARNING] Scan error BAJFINANCE: name 'EMA_LENGTH' is not defined
2026-06-25 09:23:39,459 [WARNING] Scan error NESTLEIND: name 'EMA_LENGTH' is not defined
2026-06-25 09:23:39,860 [WARNING] Scan error HCLTECH: name 'EMA_LENGTH' is not defined
2026-06-25 09:23:40,261 [WARNING] Scan error POWERGRID: name 'EMA_LENGTH' is not defined
2026-06-25 09:23:40,662 [WARNING] Scan error NTPC: name 'EMA_LENGTH' is not defined
2026-06-25 09:23:41,063 [WARNING] Scan error TECHM: name 'EMA_LENGTH' is not defined
2026-06-25 09:23:41,464 [WARNING] Scan error INDUSINDBK: name 'EMA_LENGTH' is not defined
2026-06-25 09:23:41,865 [WARNING] Scan error M&M: name 'EMA_LENGTH' is not defined
2026-06-25 09:23:42,266 [WARNING] Scan error TATASTEEL: name 'EMA_LENGTH' is not defined
2026-06-25 09:23:42,667 [WARNING] Scan error BAJAJ-AUTO: name 'EMA_LENGTH' is not defined
2026-06-25 09:23:43,069 [WARNING] Scan error GRASIM: name 'EMA_LENGTH' is not defined
2026-06-25 09:23:43,470 [WARNING] Scan error ADANIPORTS: name 'EMA_LENGTH' is not defined
2026-06-25 09:23:43,871 [WARNING] Scan error ONGC: name 'EMA_LENGTH' is not defined
2026-06-25 09:23:44,272 [WARNING] Scan error COALINDIA: name 'EMA_LENGTH' is not defined
2026-06-25 09:23:44,673 [WARNING] Scan error JSWSTEEL: name 'EMA_LENGTH' is not defined
2026-06-25 09:23:45,074 [WARNING] Scan error BRITANNIA: name 'EMA_LENGTH' is not defined
2026-06-25 09:23:45,475 [WARNING] Scan error DIVISLAB: name 'EMA_LENGTH' is not defined
2026-06-25 09:23:45,876 [WARNING] Scan error CIPLA: name 'EMA_LENGTH' is not defined
2026-06-25 09:23:46,277 [WARNING] Scan error HDFCLIFE: name 'EMA_LENGTH' is not defined
2026-06-25 09:23:46,678 [WARNING] Scan error SBILIFE: name 'EMA_LENGTH' is not defined
2026-06-25 09:23:47,079 [WARNING] Scan error BPCL: name 'EMA_LENGTH' is not defined
2026-06-25 09:23:47,480 [WARNING] Scan error HEROMOTOCO: name 'EMA_LENGTH' is not defined
2026-06-25 09:23:47,881 [WARNING] Scan error TATACONSUM: name 'EMA_LENGTH' is not defined
2026-06-25 09:23:48,282 [WARNING] Scan error APOLLOHOSP: name 'EMA_LENGTH' is not defined
2026-06-25 09:23:48,683 [WARNING] Scan error DRREDDY: name 'EMA_LENGTH' is not defined
2026-06-25 09:23:49,084 [WARNING] Scan error EICHERMOT: name 'EMA_LENGTH' is not defined
2026-06-25 09:23:49,486 [WARNING] Scan error HINDALCO: name 'EMA_LENGTH' is not defined
2026-06-25 09:23:49,887 [WARNING] Scan error UPL: name 'EMA_LENGTH' is not defined
2026-06-25 09:23:50,288 [WARNING] Scan error TATAMOTORS: name 'EMA_LENGTH' is not defined
2026-06-25 09:23:50,689 [WARNING] Scan error VEDL: name 'EMA_LENGTH' is not defined
2026-06-25 09:23:51,090 [WARNING] Scan error ADANIENT: name 'EMA_LENGTH' is not defined
2026-06-25 09:23:51,491 [WARNING] Scan error BAJAJFINSV: name 'EMA_LENGTH' is not defined
2026-06-25 09:23:51,892 [INFO] Scan complete | Positions: 0/5 | PnL: ₹0.00
2026-06-25 09:24:51,953 [WARNING] Scan error RELIANCE: name 'EMA_LENGTH' is not defined
2026-06-25 09:24:52,354 [WARNING] Scan error TCS: name 'EMA_LENGTH' is not defined
2026-06-25 09:24:52,755 [WARNING] Scan error HDFCBANK: name 'EMA_LENGTH' is not defined
2026-06-25 09:24:53,156 [WARNING] Scan error INFY: name 'EMA_LENGTH' is not defined
2026-06-25 09:24:54,714 [WARNING] Scan error ICICIBANK: name 'EMA_LENGTH' is not defined
2026-06-25 09:24:55,115 [WARNING] Scan error HINDUNILVR: name 'EMA_LENGTH' is not defined
2026-06-25 09:24:55,517 [WARNING] Scan error ITC: name 'EMA_LENGTH' is not defined
2026-06-25 09:24:55,918 [WARNING] Scan error SBIN: name 'EMA_LENGTH' is not defined
2026-06-25 09:24:56,319 [WARNING] Scan error BHARTIARTL: name 'EMA_LENGTH' is not defined
2026-06-25 09:24:56,720 [WARNING] Scan error KOTAKBANK: name 'EMA_LENGTH' is not defined
2026-06-25 09:24:57,121 [WARNING] Scan error LT: name 'EMA_LENGTH' is not defined
2026-06-25 09:24:57,522 [WARNING] Scan error AXISBANK: name 'EMA_LENGTH' is not defined
2026-06-25 09:24:57,923 [WARNING] Scan error ASIANPAINT: name 'EMA_LENGTH' is not defined
2026-06-25 09:24:58,324 [WARNING] Scan error MARUTI: name 'EMA_LENGTH' is not defined
2026-06-25 09:24:58,725 [WARNING] Scan error SUNPHARMA: name 'EMA_LENGTH' is not defined
2026-06-25 09:24:59,126 [WARNING] Scan error WIPRO: name 'EMA_LENGTH' is not defined
2026-06-25 09:24:59,527 [WARNING] Scan error ULTRACEMCO: name 'EMA_LENGTH' is not defined
2026-06-25 09:24:59,928 [WARNING] Scan error TITAN: name 'EMA_LENGTH' is not defined
2026-06-25 09:25:00,329 [WARNING] Scan error BAJFINANCE: name 'EMA_LENGTH' is not defined
2026-06-25 09:25:00,730 [WARNING] Scan error NESTLEIND: name 'EMA_LENGTH' is not defined
2026-06-25 09:25:01,131 [WARNING] Scan error HCLTECH: name 'EMA_LENGTH' is not defined
2026-06-25 09:25:01,532 [WARNING] Scan error POWERGRID: name 'EMA_LENGTH' is not defined
2026-06-25 09:25:01,933 [WARNING] Scan error NTPC: name 'EMA_LENGTH' is not defined
2026-06-25 09:25:02,334 [WARNING] Scan error TECHM: name 'EMA_LENGTH' is not defined
2026-06-25 09:25:02,735 [WARNING] Scan error INDUSINDBK: name 'EMA_LENGTH' is not defined
2026-06-25 09:25:03,136 [WARNING] Scan error M&M: name 'EMA_LENGTH' is not defined
2026-06-25 09:25:03,537 [WARNING] Scan error TATASTEEL: name 'EMA_LENGTH' is not defined
2026-06-25 09:25:03,938 [WARNING] Scan error BAJAJ-AUTO: name 'EMA_LENGTH' is not defined
2026-06-25 09:25:04,339 [WARNING] Scan error GRASIM: name 'EMA_LENGTH' is not defined
2026-06-25 09:25:04,740 [WARNING] Scan error ADANIPORTS: name 'EMA_LENGTH' is not defined
2026-06-25 09:25:05,141 [WARNING] Scan error ONGC: name 'EMA_LENGTH' is not defined
2026-06-25 09:25:05,542 [WARNING] Scan error COALINDIA: name 'EMA_LENGTH' is not defined
2026-06-25 09:25:05,943 [WARNING] Scan error JSWSTEEL: name 'EMA_LENGTH' is not defined
2026-06-25 09:25:06,344 [WARNING] Scan error BRITANNIA: name 'EMA_LENGTH' is not defined
2026-06-25 09:25:06,745 [WARNING] Scan error DIVISLAB: name 'EMA_LENGTH' is not defined
2026-06-25 09:25:07,146 [WARNING] Scan error CIPLA: name 'EMA_LENGTH' is not defined
2026-06-25 09:25:07,547 [WARNING] Scan error HDFCLIFE: name 'EMA_LENGTH' is not defined
2026-06-25 09:25:07,948 [WARNING] Scan error SBILIFE: name 'EMA_LENGTH' is not defined
2026-06-25 09:25:08,348 [WARNING] Scan error BPCL: name 'EMA_LENGTH' is not defined
2026-06-25 09:25:08,749 [WARNING] Scan error HEROMOTOCO: name 'EMA_LENGTH' is not defined
2026-06-25 09:25:09,150 [WARNING] Scan error TATACONSUM: name 'EMA_LENGTH' is not defined
2026-06-25 09:25:09,551 [WARNING] Scan error APOLLOHOSP: name 'EMA_LENGTH' is not defined
2026-06-25 09:25:09,951 [WARNING] Scan error DRREDDY: name 'EMA_LENGTH' is not defined
2026-06-25 09:25:10,352 [WARNING] Scan error EICHERMOT: name 'EMA_LENGTH' is not defined
2026-06-25 09:25:10,754 [WARNING] Scan error HINDALCO: name 'EMA_LENGTH' is not defined
2026-06-25 09:25:11,155 [WARNING] Scan error UPL: name 'EMA_LENGTH' is not defined
2026-06-25 09:25:11,556 [WARNING] Scan error TATAMOTORS: name 'EMA_LENGTH' is not defined
2026-06-25 09:25:11,957 [WARNING] Scan error VEDL: name 'EMA_LENGTH' is not defined
2026-06-25 09:25:12,358 [WARNING] Scan error ADANIENT: name 'EMA_LENGTH' is not defined
2026-06-25 09:25:12,759 [WARNING] Scan error BAJAJFINSV: name 'EMA_LENGTH' is not defined
2026-06-25 09:25:13,160 [INFO] Scan complete | Positions: 0/5 | PnL: ₹0.00
2026-06-25 09:26:13,220 [WARNING] Scan error RELIANCE: name 'EMA_LENGTH' is not defined
2026-06-25 09:26:13,621 [WARNING] Scan error TCS: name 'EMA_LENGTH' is not defined
2026-06-25 09:26:14,022 [WARNING] Scan error HDFCBANK: name 'EMA_LENGTH' is not defined
2026-06-25 09:26:14,423 [WARNING] Scan error INFY: name 'EMA_LENGTH' is not defined
2026-06-25 09:26:14,824 [WARNING] Scan error ICICIBANK: name 'EMA_LENGTH' is not defined
2026-06-25 09:26:15,225 [WARNING] Scan error HINDUNILVR: name 'EMA_LENGTH' is not defined
2026-06-25 09:26:15,626 [WARNING] Scan error ITC: name 'EMA_LENGTH' is not defined
2026-06-25 09:26:16,027 [WARNING] Scan error SBIN: name 'EMA_LENGTH' is not defined
2026-06-25 09:26:16,428 [WARNING] Scan error BHARTIARTL: name 'EMA_LENGTH' is not defined
2026-06-25 09:26:16,829 [WARNING] Scan error KOTAKBANK: name 'EMA_LENGTH' is not defined
2026-06-25 09:26:17,230 [WARNING] Scan error LT: name 'EMA_LENGTH' is not defined
2026-06-25 09:26:17,631 [WARNING] Scan error AXISBANK: name 'EMA_LENGTH' is not defined
2026-06-25 09:26:18,032 [WARNING] Scan error ASIANPAINT: name 'EMA_LENGTH' is not defined
2026-06-25 09:26:18,433 [WARNING] Scan error MARUTI: name 'EMA_LENGTH' is not defined
2026-06-25 09:26:18,834 [WARNING] Scan error SUNPHARMA: name 'EMA_LENGTH' is not defined
2026-06-25 09:26:19,235 [WARNING] Scan error WIPRO: name 'EMA_LENGTH' is not defined
2026-06-25 09:26:19,636 [WARNING] Scan error ULTRACEMCO: name 'EMA_LENGTH' is not defined
2026-06-25 09:26:20,036 [WARNING] Scan error TITAN: name 'EMA_LENGTH' is not defined
2026-06-25 09:26:20,437 [WARNING] Scan error BAJFINANCE: name 'EMA_LENGTH' is not defined
2026-06-25 09:26:20,838 [WARNING] Scan error NESTLEIND: name 'EMA_LENGTH' is not defined
2026-06-25 09:26:21,239 [WARNING] Scan error HCLTECH: name 'EMA_LENGTH' is not defined
2026-06-25 09:26:21,640 [WARNING] Scan error POWERGRID: name 'EMA_LENGTH' is not defined
2026-06-25 09:26:22,041 [WARNING] Scan error NTPC: name 'EMA_LENGTH' is not defined
2026-06-25 09:26:22,442 [WARNING] Scan error TECHM: name 'EMA_LENGTH' is not defined
2026-06-25 09:26:22,843 [WARNING] Scan error INDUSINDBK: name 'EMA_LENGTH' is not defined
2026-06-25 09:26:23,244 [WARNING] Scan error M&M: name 'EMA_LENGTH' is not defined
2026-06-25 09:26:23,645 [WARNING] Scan error TATASTEEL: name 'EMA_LENGTH' is not defined
2026-06-25 09:26:24,046 [WARNING] Scan error BAJAJ-AUTO: name 'EMA_LENGTH' is not defined
2026-06-25 09:26:24,447 [WARNING] Scan error GRASIM: name 'EMA_LENGTH' is not defined
2026-06-25 09:26:24,848 [WARNING] Scan error ADANIPORTS: name 'EMA_LENGTH' is not defined
2026-06-25 09:26:25,249 [WARNING] Scan error ONGC: name 'EMA_LENGTH' is not defined
2026-06-25 09:26:25,650 [WARNING] Scan error COALINDIA: name 'EMA_LENGTH' is not defined
2026-06-25 09:26:26,051 [WARNING] Scan error JSWSTEEL: name 'EMA_LENGTH' is not defined
2026-06-25 09:26:26,452 [WARNING] Scan error BRITANNIA: name 'EMA_LENGTH' is not defined
2026-06-25 09:26:26,853 [WARNING] Scan error DIVISLAB: name 'EMA_LENGTH' is not defined
2026-06-25 09:26:27,254 [WARNING] Scan error CIPLA: name 'EMA_LENGTH' is not defined
2026-06-25 09:26:27,655 [WARNING] Scan error HDFCLIFE: name 'EMA_LENGTH' is not defined
2026-06-25 09:26:28,056 [WARNING] Scan error SBILIFE: name 'EMA_LENGTH' is not defined
2026-06-25 09:26:28,457 [WARNING] Scan error BPCL: name 'EMA_LENGTH' is not defined
2026-06-25 09:26:28,858 [WARNING] Scan error HEROMOTOCO: name 'EMA_LENGTH' is not defined
2026-06-25 09:26:29,259 [WARNING] Scan error TATACONSUM: name 'EMA_LENGTH' is not defined
2026-06-25 09:26:29,660 [WARNING] Scan error APOLLOHOSP: name 'EMA_LENGTH' is not defined
2026-06-25 09:26:30,061 [WARNING] Scan error DRREDDY: name 'EMA_LENGTH' is not defined
2026-06-25 09:26:30,462 [WARNING] Scan error EICHERMOT: name 'EMA_LENGTH' is not defined
2026-06-25 09:26:30,863 [WARNING] Scan error HINDALCO: name 'EMA_LENGTH' is not defined
2026-06-25 09:26:31,263 [WARNING] Scan error UPL: name 'EMA_LENGTH' is not defined
2026-06-25 09:26:31,664 [WARNING] Scan error TATAMOTORS: name 'EMA_LENGTH' is not defined
2026-06-25 09:26:32,065 [WARNING] Scan error VEDL: name 'EMA_LENGTH' is not defined
2026-06-25 09:26:32,466 [WARNING] Scan error ADANIENT: name 'EMA_LENGTH' is not defined
2026-06-25 09:26:32,867 [WARNING] Scan error BAJAJFINSV: name 'EMA_LENGTH' is not defined
2026-06-25 09:26:33,268 [INFO] Scan complete | Positions: 0/5 | PnL: ₹0.00
2026-06-25 09:27:33,328 [WARNING] Scan error RELIANCE: name 'EMA_LENGTH' is not defined
2026-06-25 09:27:33,729 [WARNING] Scan error TCS: name 'EMA_LENGTH' is not defined
2026-06-25 09:27:34,130 [WARNING] Scan error HDFCBANK: name 'EMA_LENGTH' is not defined
2026-06-25 09:27:34,531 [WARNING] Scan error INFY: name 'EMA_LENGTH' is not defined
2026-06-25 09:27:34,932 [WARNING] Scan error ICICIBANK: name 'EMA_LENGTH' is not defined
2026-06-25 09:27:35,333 [WARNING] Scan error HINDUNILVR: name 'EMA_LENGTH' is not defined
2026-06-25 09:27:35,734 [WARNING] Scan error ITC: name 'EMA_LENGTH' is not defined
2026-06-25 09:27:36,135 [WARNING] Scan error SBIN: name 'EMA_LENGTH' is not defined
2026-06-25 09:27:36,536 [WARNING] Scan error BHARTIARTL: name 'EMA_LENGTH' is not defined
2026-06-25 09:27:36,937 [WARNING] Scan error KOTAKBANK: name 'EMA_LENGTH' is not defined
2026-06-25 09:27:37,338 [WARNING] Scan error LT: name 'EMA_LENGTH' is not defined
2026-06-25 09:27:37,739 [WARNING] Scan error AXISBANK: name 'EMA_LENGTH' is not defined
2026-06-25 09:27:38,140 [WARNING] Scan error ASIANPAINT: name 'EMA_LENGTH' is not defined
2026-06-25 09:27:38,541 [WARNING] Scan error MARUTI: name 'EMA_LENGTH' is not defined
2026-06-25 09:27:38,942 [WARNING] Scan error SUNPHARMA: name 'EMA_LENGTH' is not defined
2026-06-25 09:27:39,343 [WARNING] Scan error WIPRO: name 'EMA_LENGTH' is not defined
2026-06-25 09:27:39,744 [WARNING] Scan error ULTRACEMCO: name 'EMA_LENGTH' is not defined
2026-06-25 09:27:40,145 [WARNING] Scan error TITAN: name 'EMA_LENGTH' is not defined
2026-06-25 09:27:40,546 [WARNING] Scan error BAJFINANCE: name 'EMA_LENGTH' is not defined
2026-06-25 09:27:40,947 [WARNING] Scan error NESTLEIND: name 'EMA_LENGTH' is not defined
2026-06-25 09:27:41,348 [WARNING] Scan error HCLTECH: name 'EMA_LENGTH' is not defined
2026-06-25 09:27:41,749 [WARNING] Scan error POWERGRID: name 'EMA_LENGTH' is not defined
2026-06-25 09:27:42,149 [WARNING] Scan error NTPC: name 'EMA_LENGTH' is not defined
2026-06-25 09:27:42,550 [WARNING] Scan error TECHM: name 'EMA_LENGTH' is not defined
2026-06-25 09:27:42,951 [WARNING] Scan error INDUSINDBK: name 'EMA_LENGTH' is not defined
2026-06-25 09:27:43,352 [WARNING] Scan error M&M: name 'EMA_LENGTH' is not defined
2026-06-25 09:27:43,753 [WARNING] Scan error TATASTEEL: name 'EMA_LENGTH' is not defined
2026-06-25 09:27:44,154 [WARNING] Scan error BAJAJ-AUTO: name 'EMA_LENGTH' is not defined
2026-06-25 09:27:44,555 [WARNING] Scan error GRASIM: name 'EMA_LENGTH' is not defined
2026-06-25 09:27:44,956 [WARNING] Scan error ADANIPORTS: name 'EMA_LENGTH' is not defined
2026-06-25 09:27:45,357 [WARNING] Scan error ONGC: name 'EMA_LENGTH' is not defined
2026-06-25 09:27:45,758 [WARNING] Scan error COALINDIA: name 'EMA_LENGTH' is not defined
2026-06-25 09:27:46,159 [WARNING] Scan error JSWSTEEL: name 'EMA_LENGTH' is not defined
2026-06-25 09:27:46,560 [WARNING] Scan error BRITANNIA: name 'EMA_LENGTH' is not defined
2026-06-25 09:27:46,962 [WARNING] Scan error DIVISLAB: name 'EMA_LENGTH' is not defined
2026-06-25 09:27:47,363 [WARNING] Scan error CIPLA: name 'EMA_LENGTH' is not defined
2026-06-25 09:27:47,764 [WARNING] Scan error HDFCLIFE: name 'EMA_LENGTH' is not defined
2026-06-25 09:27:48,164 [WARNING] Scan error SBILIFE: name 'EMA_LENGTH' is not defined
2026-06-25 09:27:48,565 [WARNING] Scan error BPCL: name 'EMA_LENGTH' is not defined
2026-06-25 09:27:48,966 [WARNING] Scan error HEROMOTOCO: name 'EMA_LENGTH' is not defined
2026-06-25 09:27:49,367 [WARNING] Scan error TATACONSUM: name 'EMA_LENGTH' is not defined
2026-06-25 09:27:49,768 [WARNING] Scan error APOLLOHOSP: name 'EMA_LENGTH' is not defined
2026-06-25 09:27:50,169 [WARNING] Scan error DRREDDY: name 'EMA_LENGTH' is not defined
2026-06-25 09:27:50,570 [WARNING] Scan error EICHERMOT: name 'EMA_LENGTH' is not defined
2026-06-25 09:27:50,971 [WARNING] Scan error HINDALCO: name 'EMA_LENGTH' is not defined
2026-06-25 09:27:51,372 [WARNING] Scan error UPL: name 'EMA_LENGTH' is not defined
2026-06-25 09:27:51,773 [WARNING] Scan error TATAMOTORS: name 'EMA_LENGTH' is not defined
2026-06-25 09:27:52,174 [WARNING] Scan error VEDL: name 'EMA_LENGTH' is not defined
2026-06-25 09:27:52,575 [WARNING] Scan error ADANIENT: name 'EMA_LENGTH' is not defined
2026-06-25 09:27:52,976 [WARNING] Scan error BAJAJFINSV: name 'EMA_LENGTH' is not defined
2026-06-25 09:27:53,377 [INFO] Scan complete | Positions: 0/5 | PnL: ₹0.00
2026-06-25 09:28:53,405 [WARNING] Scan error RELIANCE: name 'EMA_LENGTH' is not defined
2026-06-25 09:28:53,806 [WARNING] Scan error TCS: name 'EMA_LENGTH' is not defined
2026-06-25 09:28:54,208 [WARNING] Scan error HDFCBANK: name 'EMA_LENGTH' is not defined
2026-06-25 09:28:54,609 [WARNING] Scan error INFY: name 'EMA_LENGTH' is not defined
2026-06-25 09:28:55,010 [WARNING] Scan error ICICIBANK: name 'EMA_LENGTH' is not defined
2026-06-25 09:28:55,410 [WARNING] Scan error HINDUNILVR: name 'EMA_LENGTH' is not defined
2026-06-25 09:28:55,811 [WARNING] Scan error ITC: name 'EMA_LENGTH' is not defined
2026-06-25 09:28:56,212 [WARNING] Scan error SBIN: name 'EMA_LENGTH' is not defined
2026-06-25 09:28:56,614 [WARNING] Scan error BHARTIARTL: name 'EMA_LENGTH' is not defined
2026-06-25 09:28:57,015 [WARNING] Scan error KOTAKBANK: name 'EMA_LENGTH' is not defined
2026-06-25 09:28:57,416 [WARNING] Scan error LT: name 'EMA_LENGTH' is not defined
2026-06-25 09:28:57,817 [WARNING] Scan error AXISBANK: name 'EMA_LENGTH' is not defined
2026-06-25 09:28:58,218 [WARNING] Scan error ASIANPAINT: name 'EMA_LENGTH' is not defined
2026-06-25 09:28:58,619 [WARNING] Scan error MARUTI: name 'EMA_LENGTH' is not defined
2026-06-25 09:28:59,020 [WARNING] Scan error SUNPHARMA: name 'EMA_LENGTH' is not defined
2026-06-25 09:28:59,421 [WARNING] Scan error WIPRO: name 'EMA_LENGTH' is not defined
2026-06-25 09:28:59,822 [WARNING] Scan error ULTRACEMCO: name 'EMA_LENGTH' is not defined
2026-06-25 09:29:00,224 [WARNING] Scan error TITAN: name 'EMA_LENGTH' is not defined
2026-06-25 09:29:00,625 [WARNING] Scan error BAJFINANCE: name 'EMA_LENGTH' is not defined
2026-06-25 09:29:01,026 [WARNING] Scan error NESTLEIND: name 'EMA_LENGTH' is not defined
2026-06-25 09:29:01,427 [WARNING] Scan error HCLTECH: name 'EMA_LENGTH' is not defined
2026-06-25 09:29:01,828 [WARNING] Scan error POWERGRID: name 'EMA_LENGTH' is not defined
2026-06-25 09:29:02,229 [WARNING] Scan error NTPC: name 'EMA_LENGTH' is not defined
2026-06-25 09:29:02,630 [WARNING] Scan error TECHM: name 'EMA_LENGTH' is not defined
2026-06-25 09:29:03,031 [WARNING] Scan error INDUSINDBK: name 'EMA_LENGTH' is not defined
2026-06-25 09:29:03,432 [WARNING] Scan error M&M: name 'EMA_LENGTH' is not defined
2026-06-25 09:29:03,833 [WARNING] Scan error TATASTEEL: name 'EMA_LENGTH' is not defined
2026-06-25 09:29:04,234 [WARNING] Scan error BAJAJ-AUTO: name 'EMA_LENGTH' is not defined
2026-06-25 09:29:04,635 [WARNING] Scan error GRASIM: name 'EMA_LENGTH' is not defined
2026-06-25 09:29:05,036 [WARNING] Scan error ADANIPORTS: name 'EMA_LENGTH' is not defined
2026-06-25 09:29:05,437 [WARNING] Scan error ONGC: name 'EMA_LENGTH' is not defined
2026-06-25 09:29:05,838 [WARNING] Scan error COALINDIA: name 'EMA_LENGTH' is not defined
2026-06-25 09:29:06,239 [WARNING] Scan error JSWSTEEL: name 'EMA_LENGTH' is not defined
2026-06-25 09:29:06,640 [WARNING] Scan error BRITANNIA: name 'EMA_LENGTH' is not defined
2026-06-25 09:29:07,041 [WARNING] Scan error DIVISLAB: name 'EMA_LENGTH' is not defined
2026-06-25 09:29:07,442 [WARNING] Scan error CIPLA: name 'EMA_LENGTH' is not defined
2026-06-25 09:29:07,843 [WARNING] Scan error HDFCLIFE: name 'EMA_LENGTH' is not defined
2026-06-25 09:29:08,244 [WARNING] Scan error SBILIFE: name 'EMA_LENGTH' is not defined
2026-06-25 09:29:08,646 [WARNING] Scan error BPCL: name 'EMA_LENGTH' is not defined
2026-06-25 09:29:09,046 [WARNING] Scan error HEROMOTOCO: name 'EMA_LENGTH' is not defined
2026-06-25 09:29:09,447 [WARNING] Scan error TATACONSUM: name 'EMA_LENGTH' is not defined
2026-06-25 09:29:09,848 [WARNING] Scan error APOLLOHOSP: name 'EMA_LENGTH' is not defined
2026-06-25 09:29:10,249 [WARNING] Scan error DRREDDY: name 'EMA_LENGTH' is not defined
2026-06-25 09:29:10,650 [WARNING] Scan error EICHERMOT: name 'EMA_LENGTH' is not defined
2026-06-25 09:29:11,052 [WARNING] Scan error HINDALCO: name 'EMA_LENGTH' is not defined
2026-06-25 09:29:11,452 [WARNING] Scan error UPL: name 'EMA_LENGTH' is not defined
2026-06-25 09:29:11,854 [WARNING] Scan error TATAMOTORS: name 'EMA_LENGTH' is not defined
2026-06-25 09:29:12,255 [WARNING] Scan error VEDL: name 'EMA_LENGTH' is not defined
2026-06-25 09:29:12,656 [WARNING] Scan error ADANIENT: name 'EMA_LENGTH' is not defined
2026-06-25 09:29:13,057 [WARNING] Scan error BAJAJFINSV: name 'EMA_LENGTH' is not defined
2026-06-25 09:29:13,458 [INFO] Scan complete | Positions: 0/5 | PnL: ₹0.00
2026-06-25 09:30:13,519 [WARNING] Scan error RELIANCE: name 'EMA_LENGTH' is not defined
2026-06-25 09:30:13,920 [WARNING] Scan error TCS: name 'EMA_LENGTH' is not defined
2026-06-25 09:30:14,321 [WARNING] Scan error HDFCBANK: name 'EMA_LENGTH' is not defined
2026-06-25 09:30:14,723 [WARNING] Scan error INFY: name 'EMA_LENGTH' is not defined
2026-06-25 09:30:15,124 [WARNING] Scan error ICICIBANK: name 'EMA_LENGTH' is not defined
2026-06-25 09:30:15,524 [WARNING] Scan error HINDUNILVR: name 'EMA_LENGTH' is not defined
2026-06-25 09:30:15,925 [WARNING] Scan error ITC: name 'EMA_LENGTH' is not defined
2026-06-25 09:30:16,326 [WARNING] Scan error SBIN: name 'EMA_LENGTH' is not defined
2026-06-25 09:30:16,728 [WARNING] Scan error BHARTIARTL: name 'EMA_LENGTH' is not defined
2026-06-25 09:30:17,129 [WARNING] Scan error KOTAKBANK: name 'EMA_LENGTH' is not defined
2026-06-25 09:30:17,530 [WARNING] Scan error LT: name 'EMA_LENGTH' is not defined
2026-06-25 09:30:17,931 [WARNING] Scan error AXISBANK: name 'EMA_LENGTH' is not defined
2026-06-25 09:30:18,332 [WARNING] Scan error ASIANPAINT: name 'EMA_LENGTH' is not defined
2026-06-25 09:30:18,733 [WARNING] Scan error MARUTI: name 'EMA_LENGTH' is not defined
2026-06-25 09:30:19,134 [WARNING] Scan error SUNPHARMA: name 'EMA_LENGTH' is not defined
2026-06-25 09:30:19,535 [WARNING] Scan error WIPRO: name 'EMA_LENGTH' is not defined
2026-06-25 09:30:19,936 [WARNING] Scan error ULTRACEMCO: name 'EMA_LENGTH' is not defined
2026-06-25 09:30:20,337 [WARNING] Scan error TITAN: name 'EMA_LENGTH' is not defined
2026-06-25 09:30:20,738 [WARNING] Scan error BAJFINANCE: name 'EMA_LENGTH' is not defined
2026-06-25 09:30:21,139 [WARNING] Scan error NESTLEIND: name 'EMA_LENGTH' is not defined
2026-06-25 09:30:21,540 [WARNING] Scan error HCLTECH: name 'EMA_LENGTH' is not defined
2026-06-25 09:30:21,942 [WARNING] Scan error POWERGRID: name 'EMA_LENGTH' is not defined
2026-06-25 09:30:22,343 [WARNING] Scan error NTPC: name 'EMA_LENGTH' is not defined
2026-06-25 09:30:22,743 [WARNING] Scan error TECHM: name 'EMA_LENGTH' is not defined
2026-06-25 09:30:23,144 [WARNING] Scan error INDUSINDBK: name 'EMA_LENGTH' is not defined
2026-06-25 09:30:23,545 [WARNING] Scan error M&M: name 'EMA_LENGTH' is not defined
2026-06-25 09:30:23,947 [WARNING] Scan error TATASTEEL: name 'EMA_LENGTH' is not defined
2026-06-25 09:30:24,348 [WARNING] Scan error BAJAJ-AUTO: name 'EMA_LENGTH' is not defined
2026-06-25 09:30:24,749 [WARNING] Scan error GRASIM: name 'EMA_LENGTH' is not defined
2026-06-25 09:30:25,150 [WARNING] Scan error ADANIPORTS: name 'EMA_LENGTH' is not defined
2026-06-25 09:30:25,551 [WARNING] Scan error ONGC: name 'EMA_LENGTH' is not defined
2026-06-25 09:30:25,952 [WARNING] Scan error COALINDIA: name 'EMA_LENGTH' is not defined
2026-06-25 09:30:26,353 [WARNING] Scan error JSWSTEEL: name 'EMA_LENGTH' is not defined
2026-06-25 09:30:26,754 [WARNING] Scan error BRITANNIA: name 'EMA_LENGTH' is not defined
2026-06-25 09:30:27,155 [WARNING] Scan error DIVISLAB: name 'EMA_LENGTH' is not defined
2026-06-25 09:30:27,556 [WARNING] Scan error CIPLA: name 'EMA_LENGTH' is not defined
2026-06-25 09:30:27,957 [WARNING] Scan error HDFCLIFE: name 'EMA_LENGTH' is not defined
2026-06-25 09:30:28,358 [WARNING] Scan error SBILIFE: name 'EMA_LENGTH' is not defined
2026-06-25 09:30:28,759 [WARNING] Scan error BPCL: name 'EMA_LENGTH' is not defined
2026-06-25 09:30:29,160 [WARNING] Scan error HEROMOTOCO: name 'EMA_LENGTH' is not defined
2026-06-25 09:30:29,561 [WARNING] Scan error TATACONSUM: name 'EMA_LENGTH' is not defined
2026-06-25 09:30:29,962 [WARNING] Scan error APOLLOHOSP: name 'EMA_LENGTH' is not defined
2026-06-25 09:30:30,363 [WARNING] Scan error DRREDDY: name 'EMA_LENGTH' is not defined
2026-06-25 09:30:30,764 [WARNING] Scan error EICHERMOT: name 'EMA_LENGTH' is not defined
2026-06-25 09:30:31,165 [WARNING] Scan error HINDALCO: name 'EMA_LENGTH' is not defined
2026-06-25 09:30:31,566 [WARNING] Scan error UPL: name 'EMA_LENGTH' is not defined
2026-06-25 09:30:31,967 [WARNING] Scan error TATAMOTORS: name 'EMA_LENGTH' is not defined
2026-06-25 09:30:32,368 [WARNING] Scan error VEDL: name 'EMA_LENGTH' is not defined
2026-06-25 09:30:32,770 [WARNING] Scan error ADANIENT: name 'EMA_LENGTH' is not defined
2026-06-25 09:30:33,170 [WARNING] Scan error BAJAJFINSV: name 'EMA_LENGTH' is not defined
2026-06-25 09:30:33,571 [INFO] Scan complete | Positions: 0/5 | PnL: ₹0.00
2026-06-25 09:31:33,586 [WARNING] Scan error RELIANCE: name 'EMA_LENGTH' is not defined
2026-06-25 09:31:33,987 [WARNING] Scan error TCS: name 'EMA_LENGTH' is not defined
2026-06-25 09:31:34,388 [WARNING] Scan error HDFCBANK: name 'EMA_LENGTH' is not defined
2026-06-25 09:31:34,789 [WARNING] Scan error INFY: name 'EMA_LENGTH' is not defined
2026-06-25 09:31:35,190 [WARNING] Scan error ICICIBANK: name 'EMA_LENGTH' is not defined
2026-06-25 09:31:35,591 [WARNING] Scan error HINDUNILVR: name 'EMA_LENGTH' is not defined
2026-06-25 09:31:35,992 [WARNING] Scan error ITC: name 'EMA_LENGTH' is not defined
2026-06-25 09:31:36,393 [WARNING] Scan error SBIN: name 'EMA_LENGTH' is not defined
2026-06-25 09:31:36,795 [WARNING] Scan error BHARTIARTL: name 'EMA_LENGTH' is not defined
2026-06-25 09:31:37,196 [WARNING] Scan error KOTAKBANK: name 'EMA_LENGTH' is not defined
2026-06-25 09:31:37,597 [WARNING] Scan error LT: name 'EMA_LENGTH' is not defined
2026-06-25 09:31:37,997 [WARNING] Scan error AXISBANK: name 'EMA_LENGTH' is not defined
2026-06-25 09:31:38,398 [WARNING] Scan error ASIANPAINT: name 'EMA_LENGTH' is not defined
2026-06-25 09:31:38,799 [WARNING] Scan error MARUTI: name 'EMA_LENGTH' is not defined
2026-06-25 09:31:39,200 [WARNING] Scan error SUNPHARMA: name 'EMA_LENGTH' is not defined
2026-06-25 09:31:39,601 [WARNING] Scan error WIPRO: name 'EMA_LENGTH' is not defined
2026-06-25 09:31:40,002 [WARNING] Scan error ULTRACEMCO: name 'EMA_LENGTH' is not defined
2026-06-25 09:31:40,403 [WARNING] Scan error TITAN: name 'EMA_LENGTH' is not defined
2026-06-25 09:31:40,804 [WARNING] Scan error BAJFINANCE: name 'EMA_LENGTH' is not defined
2026-06-25 09:31:41,206 [WARNING] Scan error NESTLEIND: name 'EMA_LENGTH' is not defined
2026-06-25 09:31:41,607 [WARNING] Scan error HCLTECH: name 'EMA_LENGTH' is not defined
2026-06-25 09:31:42,008 [WARNING] Scan error POWERGRID: name 'EMA_LENGTH' is not defined
2026-06-25 09:31:42,409 [WARNING] Scan error NTPC: name 'EMA_LENGTH' is not defined
2026-06-25 09:31:42,810 [WARNING] Scan error TECHM: name 'EMA_LENGTH' is not defined
2026-06-25 09:31:43,211 [WARNING] Scan error INDUSINDBK: name 'EMA_LENGTH' is not defined
2026-06-25 09:31:43,612 [WARNING] Scan error M&M: name 'EMA_LENGTH' is not defined
2026-06-25 09:31:44,013 [WARNING] Scan error TATASTEEL: name 'EMA_LENGTH' is not defined
2026-06-25 09:31:44,414 [WARNING] Scan error BAJAJ-AUTO: name 'EMA_LENGTH' is not defined
2026-06-25 09:31:44,815 [WARNING] Scan error GRASIM: name 'EMA_LENGTH' is not defined
2026-06-25 09:31:45,216 [WARNING] Scan error ADANIPORTS: name 'EMA_LENGTH' is not defined
2026-06-25 09:31:45,617 [WARNING] Scan error ONGC: name 'EMA_LENGTH' is not defined
2026-06-25 09:31:46,018 [WARNING] Scan error COALINDIA: name 'EMA_LENGTH' is not defined
2026-06-25 09:31:46,419 [WARNING] Scan error JSWSTEEL: name 'EMA_LENGTH' is not defined
2026-06-25 09:31:46,820 [WARNING] Scan error BRITANNIA: name 'EMA_LENGTH' is not defined
2026-06-25 09:31:47,221 [WARNING] Scan error DIVISLAB: name 'EMA_LENGTH' is not defined
2026-06-25 09:31:47,622 [WARNING] Scan error CIPLA: name 'EMA_LENGTH' is not defined
2026-06-25 09:31:48,023 [WARNING] Scan error HDFCLIFE: name 'EMA_LENGTH' is not defined
2026-06-25 09:31:48,424 [WARNING] Scan error SBILIFE: name 'EMA_LENGTH' is not defined
2026-06-25 09:31:48,825 [WARNING] Scan error BPCL: name 'EMA_LENGTH' is not defined
2026-06-25 09:31:49,226 [WARNING] Scan error HEROMOTOCO: name 'EMA_LENGTH' is not defined
2026-06-25 09:31:49,627 [WARNING] Scan error TATACONSUM: name 'EMA_LENGTH' is not defined
2026-06-25 09:31:50,028 [WARNING] Scan error APOLLOHOSP: name 'EMA_LENGTH' is not defined
2026-06-25 09:31:50,429 [WARNING] Scan error DRREDDY: name 'EMA_LENGTH' is not defined
2026-06-25 09:31:50,830 [WARNING] Scan error EICHERMOT: name 'EMA_LENGTH' is not defined
2026-06-25 09:31:51,232 [WARNING] Scan error HINDALCO: name 'EMA_LENGTH' is not defined
2026-06-25 09:31:51,633 [WARNING] Scan error UPL: name 'EMA_LENGTH' is not defined
2026-06-25 09:31:52,033 [WARNING] Scan error TATAMOTORS: name 'EMA_LENGTH' is not defined
2026-06-25 09:31:52,434 [WARNING] Scan error VEDL: name 'EMA_LENGTH' is not defined
2026-06-25 09:31:52,835 [WARNING] Scan error ADANIENT: name 'EMA_LENGTH' is not defined
2026-06-25 09:31:53,236 [WARNING] Scan error BAJAJFINSV: name 'EMA_LENGTH' is not defined
2026-06-25 09:31:53,637 [INFO] Scan complete | Positions: 0/5 | PnL: ₹0.00
2026-06-25 09:32:53,698 [WARNING] Scan error RELIANCE: name 'EMA_LENGTH' is not defined
2026-06-25 09:32:54,099 [WARNING] Scan error TCS: name 'EMA_LENGTH' is not defined
2026-06-25 09:32:54,500 [WARNING] Scan error HDFCBANK: name 'EMA_LENGTH' is not defined
2026-06-25 09:32:54,901 [WARNING] Scan error INFY: name 'EMA_LENGTH' is not defined
2026-06-25 09:32:55,302 [WARNING] Scan error ICICIBANK: name 'EMA_LENGTH' is not defined
2026-06-25 09:32:55,703 [WARNING] Scan error HINDUNILVR: name 'EMA_LENGTH' is not defined
2026-06-25 09:32:56,104 [WARNING] Scan error ITC: name 'EMA_LENGTH' is not defined
2026-06-25 09:32:56,505 [WARNING] Scan error SBIN: name 'EMA_LENGTH' is not defined
2026-06-25 09:32:56,906 [WARNING] Scan error BHARTIARTL: name 'EMA_LENGTH' is not defined
2026-06-25 09:32:57,308 [WARNING] Scan error KOTAKBANK: name 'EMA_LENGTH' is not defined
2026-06-25 09:32:57,709 [WARNING] Scan error LT: name 'EMA_LENGTH' is not defined
2026-06-25 09:32:58,110 [WARNING] Scan error AXISBANK: name 'EMA_LENGTH' is not defined
2026-06-25 09:32:58,511 [WARNING] Scan error ASIANPAINT: name 'EMA_LENGTH' is not defined
2026-06-25 09:32:58,912 [WARNING] Scan error MARUTI: name 'EMA_LENGTH' is not defined
2026-06-25 09:32:59,313 [WARNING] Scan error SUNPHARMA: name 'EMA_LENGTH' is not defined
2026-06-25 09:32:59,714 [WARNING] Scan error WIPRO: name 'EMA_LENGTH' is not defined
2026-06-25 09:33:00,115 [WARNING] Scan error ULTRACEMCO: name 'EMA_LENGTH' is not defined
2026-06-25 09:33:00,516 [WARNING] Scan error TITAN: name 'EMA_LENGTH' is not defined
2026-06-25 09:33:00,917 [WARNING] Scan error BAJFINANCE: name 'EMA_LENGTH' is not defined
2026-06-25 09:33:01,318 [WARNING] Scan error NESTLEIND: name 'EMA_LENGTH' is not defined
2026-06-25 09:33:01,719 [WARNING] Scan error HCLTECH: name 'EMA_LENGTH' is not defined
2026-06-25 09:33:02,120 [WARNING] Scan error POWERGRID: name 'EMA_LENGTH' is not defined
2026-06-25 09:33:02,522 [WARNING] Scan error NTPC: name 'EMA_LENGTH' is not defined
2026-06-25 09:33:02,923 [WARNING] Scan error TECHM: name 'EMA_LENGTH' is not defined
2026-06-25 09:33:03,324 [WARNING] Scan error INDUSINDBK: name 'EMA_LENGTH' is not defined
2026-06-25 09:33:03,726 [WARNING] Scan error M&M: name 'EMA_LENGTH' is not defined
2026-06-25 09:33:04,127 [WARNING] Scan error TATASTEEL: name 'EMA_LENGTH' is not defined
2026-06-25 09:33:04,528 [WARNING] Scan error BAJAJ-AUTO: name 'EMA_LENGTH' is not defined
2026-06-25 09:33:04,929 [WARNING] Scan error GRASIM: name 'EMA_LENGTH' is not defined
2026-06-25 09:33:05,330 [WARNING] Scan error ADANIPORTS: name 'EMA_LENGTH' is not defined
2026-06-25 09:33:05,731 [WARNING] Scan error ONGC: name 'EMA_LENGTH' is not defined
2026-06-25 09:33:06,132 [WARNING] Scan error COALINDIA: name 'EMA_LENGTH' is not defined
2026-06-25 09:33:06,534 [WARNING] Scan error JSWSTEEL: name 'EMA_LENGTH' is not defined
2026-06-25 09:33:06,935 [WARNING] Scan error BRITANNIA: name 'EMA_LENGTH' is not defined
2026-06-25 09:33:07,336 [WARNING] Scan error DIVISLAB: name 'EMA_LENGTH' is not defined
2026-06-25 09:33:07,736 [WARNING] Scan error CIPLA: name 'EMA_LENGTH' is not defined
2026-06-25 09:33:08,137 [WARNING] Scan error HDFCLIFE: name 'EMA_LENGTH' is not defined
2026-06-25 09:33:08,539 [WARNING] Scan error SBILIFE: name 'EMA_LENGTH' is not defined
2026-06-25 09:33:08,940 [WARNING] Scan error BPCL: name 'EMA_LENGTH' is not defined
2026-06-25 09:33:09,341 [WARNING] Scan error HEROMOTOCO: name 'EMA_LENGTH' is not defined
2026-06-25 09:33:09,742 [WARNING] Scan error TATACONSUM: name 'EMA_LENGTH' is not defined
2026-06-25 09:33:10,143 [WARNING] Scan error APOLLOHOSP: name 'EMA_LENGTH' is not defined
2026-06-25 09:33:10,545 [WARNING] Scan error DRREDDY: name 'EMA_LENGTH' is not defined
2026-06-25 09:33:10,946 [WARNING] Scan error EICHERMOT: name 'EMA_LENGTH' is not defined
2026-06-25 09:33:11,347 [WARNING] Scan error HINDALCO: name 'EMA_LENGTH' is not defined
2026-06-25 09:33:11,748 [WARNING] Scan error UPL: name 'EMA_LENGTH' is not defined
2026-06-25 09:33:12,149 [WARNING] Scan error TATAMOTORS: name 'EMA_LENGTH' is not defined
2026-06-25 09:33:12,550 [WARNING] Scan error VEDL: name 'EMA_LENGTH' is not defined
2026-06-25 09:33:12,951 [WARNING] Scan error ADANIENT: name 'EMA_LENGTH' is not defined
2026-06-25 09:33:13,351 [WARNING] Scan error BAJAJFINSV: name 'EMA_LENGTH' is not defined
2026-06-25 09:33:13,753 [INFO] Scan complete | Positions: 0/5 | PnL: ₹0.00
2026-06-25 09:34:13,792 [WARNING] Scan error RELIANCE: name 'EMA_LENGTH' is not defined
2026-06-25 09:34:14,193 [WARNING] Scan error TCS: name 'EMA_LENGTH' is not defined
2026-06-25 09:34:14,594 [WARNING] Scan error HDFCBANK: name 'EMA_LENGTH' is not defined
2026-06-25 09:34:14,995 [WARNING] Scan error INFY: name 'EMA_LENGTH' is not defined
2026-06-25 09:34:15,396 [WARNING] Scan error ICICIBANK: name 'EMA_LENGTH' is not defined
2026-06-25 09:34:15,797 [WARNING] Scan error HINDUNILVR: name 'EMA_LENGTH' is not defined
2026-06-25 09:34:16,198 [WARNING] Scan error ITC: name 'EMA_LENGTH' is not defined
2026-06-25 09:34:16,599 [WARNING] Scan error SBIN: name 'EMA_LENGTH' is not defined
2026-06-25 09:34:17,000 [WARNING] Scan error BHARTIARTL: name 'EMA_LENGTH' is not defined
2026-06-25 09:34:17,401 [WARNING] Scan error KOTAKBANK: name 'EMA_LENGTH' is not defined
2026-06-25 09:34:17,802 [WARNING] Scan error LT: name 'EMA_LENGTH' is not defined
2026-06-25 09:34:18,203 [WARNING] Scan error AXISBANK: name 'EMA_LENGTH' is not defined
2026-06-25 09:34:18,604 [WARNING] Scan error ASIANPAINT: name 'EMA_LENGTH' is not defined
2026-06-25 09:34:19,005 [WARNING] Scan error MARUTI: name 'EMA_LENGTH' is not defined
2026-06-25 09:34:19,407 [WARNING] Scan error SUNPHARMA: name 'EMA_LENGTH' is not defined
2026-06-25 09:34:19,807 [WARNING] Scan error WIPRO: name 'EMA_LENGTH' is not defined
2026-06-25 09:34:20,208 [WARNING] Scan error ULTRACEMCO: name 'EMA_LENGTH' is not defined
2026-06-25 09:34:20,609 [WARNING] Scan error TITAN: name 'EMA_LENGTH' is not defined
2026-06-25 09:34:21,010 [WARNING] Scan error BAJFINANCE: name 'EMA_LENGTH' is not defined
2026-06-25 09:34:21,411 [WARNING] Scan error NESTLEIND: name 'EMA_LENGTH' is not defined
2026-06-25 09:34:21,812 [WARNING] Scan error HCLTECH: name 'EMA_LENGTH' is not defined
2026-06-25 09:34:22,213 [WARNING] Scan error POWERGRID: name 'EMA_LENGTH' is not defined
2026-06-25 09:34:22,614 [WARNING] Scan error NTPC: name 'EMA_LENGTH' is not defined
2026-06-25 09:34:23,015 [WARNING] Scan error TECHM: name 'EMA_LENGTH' is not defined
2026-06-25 09:34:23,416 [WARNING] Scan error INDUSINDBK: name 'EMA_LENGTH' is not defined
2026-06-25 09:34:23,817 [WARNING] Scan error M&M: name 'EMA_LENGTH' is not defined
2026-06-25 09:34:24,218 [WARNING] Scan error TATASTEEL: name 'EMA_LENGTH' is not defined
2026-06-25 09:34:24,619 [WARNING] Scan error BAJAJ-AUTO: name 'EMA_LENGTH' is not defined
2026-06-25 09:34:25,020 [WARNING] Scan error GRASIM: name 'EMA_LENGTH' is not defined
2026-06-25 09:34:25,421 [WARNING] Scan error ADANIPORTS: name 'EMA_LENGTH' is not defined
2026-06-25 09:34:25,822 [WARNING] Scan error ONGC: name 'EMA_LENGTH' is not defined
2026-06-25 09:34:26,223 [WARNING] Scan error COALINDIA: name 'EMA_LENGTH' is not defined
2026-06-25 09:34:26,624 [WARNING] Scan error JSWSTEEL: name 'EMA_LENGTH' is not defined
2026-06-25 09:34:27,025 [WARNING] Scan error BRITANNIA: name 'EMA_LENGTH' is not defined
2026-06-25 09:34:27,426 [WARNING] Scan error DIVISLAB: name 'EMA_LENGTH' is not defined
2026-06-25 09:34:27,827 [WARNING] Scan error CIPLA: name 'EMA_LENGTH' is not defined
2026-06-25 09:34:28,228 [WARNING] Scan error HDFCLIFE: name 'EMA_LENGTH' is not defined
2026-06-25 09:34:28,629 [WARNING] Scan error SBILIFE: name 'EMA_LENGTH' is not defined
2026-06-25 09:34:29,030 [WARNING] Scan error BPCL: name 'EMA_LENGTH' is not defined
2026-06-25 09:34:29,431 [WARNING] Scan error HEROMOTOCO: name 'EMA_LENGTH' is not defined
2026-06-25 09:34:29,832 [WARNING] Scan error TATACONSUM: name 'EMA_LENGTH' is not defined
2026-06-25 09:34:30,233 [WARNING] Scan error APOLLOHOSP: name 'EMA_LENGTH' is not defined
2026-06-25 09:34:30,634 [WARNING] Scan error DRREDDY: name 'EMA_LENGTH' is not defined
2026-06-25 09:34:31,035 [WARNING] Scan error EICHERMOT: name 'EMA_LENGTH' is not defined
2026-06-25 09:34:31,436 [WARNING] Scan error HINDALCO: name 'EMA_LENGTH' is not defined
2026-06-25 09:34:31,837 [WARNING] Scan error UPL: name 'EMA_LENGTH' is not defined
2026-06-25 09:34:32,238 [WARNING] Scan error TATAMOTORS: name 'EMA_LENGTH' is not defined
2026-06-25 09:34:32,640 [WARNING] Scan error VEDL: name 'EMA_LENGTH' is not defined
2026-06-25 09:34:33,041 [WARNING] Scan error ADANIENT: name 'EMA_LENGTH' is not defined
2026-06-25 09:34:33,442 [WARNING] Scan error BAJAJFINSV: name 'EMA_LENGTH' is not defined
2026-06-25 09:34:33,843 [INFO] Scan complete | Positions: 0/5 | PnL: ₹0.00
2026-06-25 09:35:33,904 [WARNING] Scan error RELIANCE: name 'EMA_LENGTH' is not defined
2026-06-25 09:35:34,305 [WARNING] Scan error TCS: name 'EMA_LENGTH' is not defined
2026-06-25 09:35:34,706 [WARNING] Scan error HDFCBANK: name 'EMA_LENGTH' is not defined
2026-06-25 09:35:35,107 [WARNING] Scan error INFY: name 'EMA_LENGTH' is not defined
2026-06-25 09:35:35,508 [WARNING] Scan error ICICIBANK: name 'EMA_LENGTH' is not defined
2026-06-25 09:35:35,909 [WARNING] Scan error HINDUNILVR: name 'EMA_LENGTH' is not defined
2026-06-25 09:35:36,310 [WARNING] Scan error ITC: name 'EMA_LENGTH' is not defined
2026-06-25 09:35:36,711 [WARNING] Scan error SBIN: name 'EMA_LENGTH' is not defined
2026-06-25 09:35:37,112 [WARNING] Scan error BHARTIARTL: name 'EMA_LENGTH' is not defined
2026-06-25 09:35:37,513 [WARNING] Scan error KOTAKBANK: name 'EMA_LENGTH' is not defined
2026-06-25 09:35:37,914 [WARNING] Scan error LT: name 'EMA_LENGTH' is not defined
2026-06-25 09:35:38,315 [WARNING] Scan error AXISBANK: name 'EMA_LENGTH' is not defined
2026-06-25 09:35:38,716 [WARNING] Scan error ASIANPAINT: name 'EMA_LENGTH' is not defined
2026-06-25 09:35:39,117 [WARNING] Scan error MARUTI: name 'EMA_LENGTH' is not defined
2026-06-25 09:35:39,518 [WARNING] Scan error SUNPHARMA: name 'EMA_LENGTH' is not defined
2026-06-25 09:35:39,919 [WARNING] Scan error WIPRO: name 'EMA_LENGTH' is not defined
2026-06-25 09:35:40,320 [WARNING] Scan error ULTRACEMCO: name 'EMA_LENGTH' is not defined
2026-06-25 09:35:40,721 [WARNING] Scan error TITAN: name 'EMA_LENGTH' is not defined
2026-06-25 09:35:41,122 [WARNING] Scan error BAJFINANCE: name 'EMA_LENGTH' is not defined
2026-06-25 09:35:41,523 [WARNING] Scan error NESTLEIND: name 'EMA_LENGTH' is not defined
2026-06-25 09:35:41,925 [WARNING] Scan error HCLTECH: name 'EMA_LENGTH' is not defined
2026-06-25 09:35:42,326 [WARNING] Scan error POWERGRID: name 'EMA_LENGTH' is not defined
2026-06-25 09:35:42,726 [WARNING] Scan error NTPC: name 'EMA_LENGTH' is not defined
2026-06-25 09:35:43,128 [WARNING] Scan error TECHM: name 'EMA_LENGTH' is not defined
2026-06-25 09:35:43,529 [WARNING] Scan error INDUSINDBK: name 'EMA_LENGTH' is not defined
2026-06-25 09:35:43,930 [WARNING] Scan error M&M: name 'EMA_LENGTH' is not defined
2026-06-25 09:35:44,331 [WARNING] Scan error TATASTEEL: name 'EMA_LENGTH' is not defined
2026-06-25 09:35:44,732 [WARNING] Scan error BAJAJ-AUTO: name 'EMA_LENGTH' is not defined
2026-06-25 09:35:45,134 [WARNING] Scan error GRASIM: name 'EMA_LENGTH' is not defined
2026-06-25 09:35:45,535 [WARNING] Scan error ADANIPORTS: name 'EMA_LENGTH' is not defined
2026-06-25 09:35:45,936 [WARNING] Scan error ONGC: name 'EMA_LENGTH' is not defined
2026-06-25 09:35:46,337 [WARNING] Scan error COALINDIA: name 'EMA_LENGTH' is not defined
2026-06-25 09:35:46,738 [WARNING] Scan error JSWSTEEL: name 'EMA_LENGTH' is not defined
2026-06-25 09:35:47,139 [WARNING] Scan error BRITANNIA: name 'EMA_LENGTH' is not defined
2026-06-25 09:35:47,540 [WARNING] Scan error DIVISLAB: name 'EMA_LENGTH' is not defined
2026-06-25 09:35:47,940 [WARNING] Scan error CIPLA: name 'EMA_LENGTH' is not defined
2026-06-25 09:35:48,341 [WARNING] Scan error HDFCLIFE: name 'EMA_LENGTH' is not defined
2026-06-25 09:35:48,742 [WARNING] Scan error SBILIFE: name 'EMA_LENGTH' is not defined
2026-06-25 09:35:49,143 [WARNING] Scan error BPCL: name 'EMA_LENGTH' is not defined
2026-06-25 09:35:49,544 [WARNING] Scan error HEROMOTOCO: name 'EMA_LENGTH' is not defined
2026-06-25 09:35:49,945 [WARNING] Scan error TATACONSUM: name 'EMA_LENGTH' is not defined
2026-06-25 09:35:50,346 [WARNING] Scan error APOLLOHOSP: name 'EMA_LENGTH' is not defined
2026-06-25 09:35:50,747 [WARNING] Scan error DRREDDY: name 'EMA_LENGTH' is not defined
2026-06-25 09:35:51,148 [WARNING] Scan error EICHERMOT: name 'EMA_LENGTH' is not defined
2026-06-25 09:35:51,549 [WARNING] Scan error HINDALCO: name 'EMA_LENGTH' is not defined
2026-06-25 09:35:51,950 [WARNING] Scan error UPL: name 'EMA_LENGTH' is not defined
2026-06-25 09:35:52,351 [WARNING] Scan error TATAMOTORS: name 'EMA_LENGTH' is not defined
2026-06-25 09:35:52,752 [WARNING] Scan error VEDL: name 'EMA_LENGTH' is not defined
2026-06-25 09:35:53,153 [WARNING] Scan error ADANIENT: name 'EMA_LENGTH' is not defined
2026-06-25 09:35:53,554 [WARNING] Scan error BAJAJFINSV: name 'EMA_LENGTH' is not defined
2026-06-25 09:35:53,956 [INFO] Scan complete | Positions: 0/5 | PnL: ₹0.00
2026-06-25 09:36:53,992 [WARNING] Scan error RELIANCE: name 'EMA_LENGTH' is not defined
2026-06-25 09:36:54,394 [WARNING] Scan error TCS: name 'EMA_LENGTH' is not defined
2026-06-25 09:36:54,795 [WARNING] Scan error HDFCBANK: name 'EMA_LENGTH' is not defined
2026-06-25 09:36:55,196 [WARNING] Scan error INFY: name 'EMA_LENGTH' is not defined
2026-06-25 09:36:55,597 [WARNING] Scan error ICICIBANK: name 'EMA_LENGTH' is not defined
2026-06-25 09:36:55,998 [WARNING] Scan error HINDUNILVR: name 'EMA_LENGTH' is not defined
2026-06-25 09:36:56,399 [WARNING] Scan error ITC: name 'EMA_LENGTH' is not defined
2026-06-25 09:36:56,801 [WARNING] Scan error SBIN: name 'EMA_LENGTH' is not defined
2026-06-25 09:36:57,202 [WARNING] Scan error BHARTIARTL: name 'EMA_LENGTH' is not defined
2026-06-25 09:36:57,603 [WARNING] Scan error KOTAKBANK: name 'EMA_LENGTH' is not defined
2026-06-25 09:36:58,004 [WARNING] Scan error LT: name 'EMA_LENGTH' is not defined
2026-06-25 09:36:58,405 [WARNING] Scan error AXISBANK: name 'EMA_LENGTH' is not defined
2026-06-25 09:36:58,806 [WARNING] Scan error ASIANPAINT: name 'EMA_LENGTH' is not defined
2026-06-25 09:36:59,208 [WARNING] Scan error MARUTI: name 'EMA_LENGTH' is not defined
2026-06-25 09:36:59,608 [WARNING] Scan error SUNPHARMA: name 'EMA_LENGTH' is not defined
2026-06-25 09:37:00,009 [WARNING] Scan error WIPRO: name 'EMA_LENGTH' is not defined
2026-06-25 09:37:00,410 [WARNING] Scan error ULTRACEMCO: name 'EMA_LENGTH' is not defined
2026-06-25 09:37:00,811 [WARNING] Scan error TITAN: name 'EMA_LENGTH' is not defined
2026-06-25 09:37:01,212 [WARNING] Scan error BAJFINANCE: name 'EMA_LENGTH' is not defined
2026-06-25 09:37:01,613 [WARNING] Scan error NESTLEIND: name 'EMA_LENGTH' is not defined
2026-06-25 09:37:02,014 [WARNING] Scan error HCLTECH: name 'EMA_LENGTH' is not defined
2026-06-25 09:37:02,415 [WARNING] Scan error POWERGRID: name 'EMA_LENGTH' is not defined
2026-06-25 09:37:02,816 [WARNING] Scan error NTPC: name 'EMA_LENGTH' is not defined
2026-06-25 09:37:03,217 [WARNING] Scan error TECHM: name 'EMA_LENGTH' is not defined
2026-06-25 09:37:03,619 [WARNING] Scan error INDUSINDBK: name 'EMA_LENGTH' is not defined
2026-06-25 09:37:04,020 [WARNING] Scan error M&M: name 'EMA_LENGTH' is not defined
2026-06-25 09:37:04,421 [WARNING] Scan error TATASTEEL: name 'EMA_LENGTH' is not defined
2026-06-25 09:37:04,822 [WARNING] Scan error BAJAJ-AUTO: name 'EMA_LENGTH' is not defined
2026-06-25 09:37:05,223 [WARNING] Scan error GRASIM: name 'EMA_LENGTH' is not defined
2026-06-25 09:37:05,624 [WARNING] Scan error ADANIPORTS: name 'EMA_LENGTH' is not defined
2026-06-25 09:37:06,025 [WARNING] Scan error ONGC: name 'EMA_LENGTH' is not defined
2026-06-25 09:37:06,427 [WARNING] Scan error COALINDIA: name 'EMA_LENGTH' is not defined
2026-06-25 09:37:06,828 [WARNING] Scan error JSWSTEEL: name 'EMA_LENGTH' is not defined
2026-06-25 09:37:07,229 [WARNING] Scan error BRITANNIA: name 'EMA_LENGTH' is not defined
2026-06-25 09:37:07,630 [WARNING] Scan error DIVISLAB: name 'EMA_LENGTH' is not defined
2026-06-25 09:37:08,031 [WARNING] Scan error CIPLA: name 'EMA_LENGTH' is not defined
2026-06-25 09:37:08,432 [WARNING] Scan error HDFCLIFE: name 'EMA_LENGTH' is not defined
2026-06-25 09:37:08,833 [WARNING] Scan error SBILIFE: name 'EMA_LENGTH' is not defined
2026-06-25 09:37:09,234 [WARNING] Scan error BPCL: name 'EMA_LENGTH' is not defined
2026-06-25 09:37:09,635 [WARNING] Scan error HEROMOTOCO: name 'EMA_LENGTH' is not defined
2026-06-25 09:37:10,036 [WARNING] Scan error TATACONSUM: name 'EMA_LENGTH' is not defined
2026-06-25 09:37:10,437 [WARNING] Scan error APOLLOHOSP: name 'EMA_LENGTH' is not defined
2026-06-25 09:37:10,838 [WARNING] Scan error DRREDDY: name 'EMA_LENGTH' is not defined
2026-06-25 09:37:11,239 [WARNING] Scan error EICHERMOT: name 'EMA_LENGTH' is not defined
2026-06-25 09:37:11,640 [WARNING] Scan error HINDALCO: name 'EMA_LENGTH' is not defined
2026-06-25 09:37:12,041 [WARNING] Scan error UPL: name 'EMA_LENGTH' is not defined
2026-06-25 09:37:12,443 [WARNING] Scan error TATAMOTORS: name 'EMA_LENGTH' is not defined
2026-06-25 09:37:12,844 [WARNING] Scan error VEDL: name 'EMA_LENGTH' is not defined
2026-06-25 09:37:13,245 [WARNING] Scan error ADANIENT: name 'EMA_LENGTH' is not defined
2026-06-25 09:37:13,646 [WARNING] Scan error BAJAJFINSV: name 'EMA_LENGTH' is not defined
2026-06-25 09:37:14,047 [INFO] Scan complete | Positions: 0/5 | PnL: ₹0.00
2026-06-25 09:38:14,101 [WARNING] Scan error RELIANCE: name 'EMA_LENGTH' is not defined
2026-06-25 09:38:14,502 [WARNING] Scan error TCS: name 'EMA_LENGTH' is not defined
2026-06-25 09:38:14,903 [WARNING] Scan error HDFCBANK: name 'EMA_LENGTH' is not defined
2026-06-25 09:38:15,304 [WARNING] Scan error INFY: name 'EMA_LENGTH' is not defined
2026-06-25 09:38:15,705 [WARNING] Scan error ICICIBANK: name 'EMA_LENGTH' is not defined
2026-06-25 09:38:16,106 [WARNING] Scan error HINDUNILVR: name 'EMA_LENGTH' is not defined
2026-06-25 09:38:16,507 [WARNING] Scan error ITC: name 'EMA_LENGTH' is not defined
2026-06-25 09:38:16,908 [WARNING] Scan error SBIN: name 'EMA_LENGTH' is not defined
2026-06-25 09:38:17,309 [WARNING] Scan error BHARTIARTL: name 'EMA_LENGTH' is not defined
2026-06-25 09:38:17,710 [WARNING] Scan error KOTAKBANK: name 'EMA_LENGTH' is not defined
2026-06-25 09:38:18,111 [WARNING] Scan error LT: name 'EMA_LENGTH' is not defined
2026-06-25 09:38:18,512 [WARNING] Scan error AXISBANK: name 'EMA_LENGTH' is not defined
2026-06-25 09:38:18,914 [WARNING] Scan error ASIANPAINT: name 'EMA_LENGTH' is not defined
2026-06-25 09:38:19,315 [WARNING] Scan error MARUTI: name 'EMA_LENGTH' is not defined
2026-06-25 09:38:19,716 [WARNING] Scan error SUNPHARMA: name 'EMA_LENGTH' is not defined
2026-06-25 09:38:20,117 [WARNING] Scan error WIPRO: name 'EMA_LENGTH' is not defined
2026-06-25 09:38:20,518 [WARNING] Scan error ULTRACEMCO: name 'EMA_LENGTH' is not defined
2026-06-25 09:38:20,919 [WARNING] Scan error TITAN: name 'EMA_LENGTH' is not defined
2026-06-25 09:38:21,320 [WARNING] Scan error BAJFINANCE: name 'EMA_LENGTH' is not defined
2026-06-25 09:38:21,721 [WARNING] Scan error NESTLEIND: name 'EMA_LENGTH' is not defined
2026-06-25 09:38:22,122 [WARNING] Scan error HCLTECH: name 'EMA_LENGTH' is not defined
2026-06-25 09:38:22,523 [WARNING] Scan error POWERGRID: name 'EMA_LENGTH' is not defined
2026-06-25 09:38:22,924 [WARNING] Scan error NTPC: name 'EMA_LENGTH' is not defined
2026-06-25 09:38:23,325 [WARNING] Scan error TECHM: name 'EMA_LENGTH' is not defined
2026-06-25 09:38:23,726 [WARNING] Scan error INDUSINDBK: name 'EMA_LENGTH' is not defined
2026-06-25 09:38:24,127 [WARNING] Scan error M&M: name 'EMA_LENGTH' is not defined
2026-06-25 09:38:24,529 [WARNING] Scan error TATASTEEL: name 'EMA_LENGTH' is not defined
2026-06-25 09:38:24,930 [WARNING] Scan error BAJAJ-AUTO: name 'EMA_LENGTH' is not defined
2026-06-25 09:38:25,331 [WARNING] Scan error GRASIM: name 'EMA_LENGTH' is not defined
2026-06-25 09:38:25,732 [WARNING] Scan error ADANIPORTS: name 'EMA_LENGTH' is not defined
2026-06-25 09:38:26,133 [WARNING] Scan error ONGC: name 'EMA_LENGTH' is not defined
2026-06-25 09:38:26,534 [WARNING] Scan error COALINDIA: name 'EMA_LENGTH' is not defined
2026-06-25 09:38:26,935 [WARNING] Scan error JSWSTEEL: name 'EMA_LENGTH' is not defined
2026-06-25 09:38:27,336 [WARNING] Scan error BRITANNIA: name 'EMA_LENGTH' is not defined
2026-06-25 09:38:27,737 [WARNING] Scan error DIVISLAB: name 'EMA_LENGTH' is not defined
2026-06-25 09:38:28,138 [WARNING] Scan error CIPLA: name 'EMA_LENGTH' is not defined
2026-06-25 09:38:28,539 [WARNING] Scan error HDFCLIFE: name 'EMA_LENGTH' is not defined
2026-06-25 09:38:28,941 [WARNING] Scan error SBILIFE: name 'EMA_LENGTH' is not defined
2026-06-25 09:38:29,342 [WARNING] Scan error BPCL: name 'EMA_LENGTH' is not defined
2026-06-25 09:38:29,743 [WARNING] Scan error HEROMOTOCO: name 'EMA_LENGTH' is not defined
2026-06-25 09:38:30,143 [WARNING] Scan error TATACONSUM: name 'EMA_LENGTH' is not defined
2026-06-25 09:38:30,544 [WARNING] Scan error APOLLOHOSP: name 'EMA_LENGTH' is not defined
2026-06-25 09:38:30,945 [WARNING] Scan error DRREDDY: name 'EMA_LENGTH' is not defined
2026-06-25 09:38:31,346 [WARNING] Scan error EICHERMOT: name 'EMA_LENGTH' is not defined
2026-06-25 09:38:31,747 [WARNING] Scan error HINDALCO: name 'EMA_LENGTH' is not defined
2026-06-25 09:38:32,148 [WARNING] Scan error UPL: name 'EMA_LENGTH' is not defined
2026-06-25 09:38:32,549 [WARNING] Scan error TATAMOTORS: name 'EMA_LENGTH' is not defined
2026-06-25 09:38:32,950 [WARNING] Scan error VEDL: name 'EMA_LENGTH' is not defined
2026-06-25 09:38:33,351 [WARNING] Scan error ADANIENT: name 'EMA_LENGTH' is not defined
2026-06-25 09:38:33,752 [WARNING] Scan error BAJAJFINSV: name 'EMA_LENGTH' is not defined
2026-06-25 09:38:34,153 [INFO] Scan complete | Positions: 0/5 | PnL: ₹0.00
2026-06-25 09:39:34,192 [WARNING] Scan error RELIANCE: name 'EMA_LENGTH' is not defined
2026-06-25 09:39:34,593 [WARNING] Scan error TCS: name 'EMA_LENGTH' is not defined
2026-06-25 09:39:34,994 [WARNING] Scan error HDFCBANK: name 'EMA_LENGTH' is not defined
2026-06-25 09:39:35,395 [WARNING] Scan error INFY: name 'EMA_LENGTH' is not defined
2026-06-25 09:39:35,796 [WARNING] Scan error ICICIBANK: name 'EMA_LENGTH' is not defined
2026-06-25 09:39:36,198 [WARNING] Scan error HINDUNILVR: name 'EMA_LENGTH' is not defined
2026-06-25 09:39:36,599 [WARNING] Scan error ITC: name 'EMA_LENGTH' is not defined
2026-06-25 09:39:37,000 [WARNING] Scan error SBIN: name 'EMA_LENGTH' is not defined
2026-06-25 09:39:37,402 [WARNING] Scan error BHARTIARTL: name 'EMA_LENGTH' is not defined
2026-06-25 09:39:37,803 [WARNING] Scan error KOTAKBANK: name 'EMA_LENGTH' is not defined
2026-06-25 09:39:38,204 [WARNING] Scan error LT: name 'EMA_LENGTH' is not defined
2026-06-25 09:39:38,605 [WARNING] Scan error AXISBANK: name 'EMA_LENGTH' is not defined
2026-06-25 09:39:39,006 [WARNING] Scan error ASIANPAINT: name 'EMA_LENGTH' is not defined
2026-06-25 09:39:39,407 [WARNING] Scan error MARUTI: name 'EMA_LENGTH' is not defined
2026-06-25 09:39:39,808 [WARNING] Scan error SUNPHARMA: name 'EMA_LENGTH' is not defined
2026-06-25 09:39:40,209 [WARNING] Scan error WIPRO: name 'EMA_LENGTH' is not defined
2026-06-25 09:39:40,610 [WARNING] Scan error ULTRACEMCO: name 'EMA_LENGTH' is not defined
2026-06-25 09:39:41,011 [WARNING] Scan error TITAN: name 'EMA_LENGTH' is not defined
2026-06-25 09:39:41,412 [WARNING] Scan error BAJFINANCE: name 'EMA_LENGTH' is not defined
2026-06-25 09:39:41,813 [WARNING] Scan error NESTLEIND: name 'EMA_LENGTH' is not defined
2026-06-25 09:39:42,214 [WARNING] Scan error HCLTECH: name 'EMA_LENGTH' is not defined
2026-06-25 09:39:42,616 [WARNING] Scan error POWERGRID: name 'EMA_LENGTH' is not defined
2026-06-25 09:39:43,017 [WARNING] Scan error NTPC: name 'EMA_LENGTH' is not defined
2026-06-25 09:39:43,418 [WARNING] Scan error TECHM: name 'EMA_LENGTH' is not defined
2026-06-25 09:39:43,819 [WARNING] Scan error INDUSINDBK: name 'EMA_LENGTH' is not defined
2026-06-25 09:39:44,221 [WARNING] Scan error M&M: name 'EMA_LENGTH' is not defined
2026-06-25 09:39:44,622 [WARNING] Scan error TATASTEEL: name 'EMA_LENGTH' is not defined
2026-06-25 09:39:45,023 [WARNING] Scan error BAJAJ-AUTO: name 'EMA_LENGTH' is not defined
2026-06-25 09:39:45,424 [WARNING] Scan error GRASIM: name 'EMA_LENGTH' is not defined
2026-06-25 09:39:45,826 [WARNING] Scan error ADANIPORTS: name 'EMA_LENGTH' is not defined
2026-06-25 09:39:46,226 [WARNING] Scan error ONGC: name 'EMA_LENGTH' is not defined
2026-06-25 09:39:46,628 [WARNING] Scan error COALINDIA: name 'EMA_LENGTH' is not defined
2026-06-25 09:39:47,029 [WARNING] Scan error JSWSTEEL: name 'EMA_LENGTH' is not defined
2026-06-25 09:39:47,430 [WARNING] Scan error BRITANNIA: name 'EMA_LENGTH' is not defined
2026-06-25 09:39:47,831 [WARNING] Scan error DIVISLAB: name 'EMA_LENGTH' is not defined
2026-06-25 09:39:48,232 [WARNING] Scan error CIPLA: name 'EMA_LENGTH' is not defined
2026-06-25 09:39:48,633 [WARNING] Scan error HDFCLIFE: name 'EMA_LENGTH' is not defined
2026-06-25 09:39:49,035 [WARNING] Scan error SBILIFE: name 'EMA_LENGTH' is not defined
2026-06-25 09:39:49,436 [WARNING] Scan error BPCL: name 'EMA_LENGTH' is not defined
2026-06-25 09:39:49,837 [WARNING] Scan error HEROMOTOCO: name 'EMA_LENGTH' is not defined
2026-06-25 09:39:50,238 [WARNING] Scan error TATACONSUM: name 'EMA_LENGTH' is not defined
2026-06-25 09:39:50,639 [WARNING] Scan error APOLLOHOSP: name 'EMA_LENGTH' is not defined
2026-06-25 09:39:51,040 [WARNING] Scan error DRREDDY: name 'EMA_LENGTH' is not defined
2026-06-25 09:39:51,441 [WARNING] Scan error EICHERMOT: name 'EMA_LENGTH' is not defined
2026-06-25 09:39:51,842 [WARNING] Scan error HINDALCO: name 'EMA_LENGTH' is not defined
2026-06-25 09:39:52,243 [WARNING] Scan error UPL: name 'EMA_LENGTH' is not defined
2026-06-25 09:39:52,644 [WARNING] Scan error TATAMOTORS: name 'EMA_LENGTH' is not defined
2026-06-25 09:39:53,045 [WARNING] Scan error VEDL: name 'EMA_LENGTH' is not defined
2026-06-25 09:39:53,446 [WARNING] Scan error ADANIENT: name 'EMA_LENGTH' is not defined
2026-06-25 09:39:53,847 [WARNING] Scan error BAJAJFINSV: name 'EMA_LENGTH' is not defined
2026-06-25 09:39:54,248 [INFO] Scan complete | Positions: 0/5 | PnL: ₹0.00
2026-06-25 09:40:54,264 [WARNING] Scan error RELIANCE: name 'EMA_LENGTH' is not defined
2026-06-25 09:40:54,665 [WARNING] Scan error TCS: name 'EMA_LENGTH' is not defined
2026-06-25 09:40:55,066 [WARNING] Scan error HDFCBANK: name 'EMA_LENGTH' is not defined
2026-06-25 09:40:55,467 [WARNING] Scan error INFY: name 'EMA_LENGTH' is not defined
2026-06-25 09:40:55,868 [WARNING] Scan error ICICIBANK: name 'EMA_LENGTH' is not defined
2026-06-25 09:40:56,270 [WARNING] Scan error HINDUNILVR: name 'EMA_LENGTH' is not defined
2026-06-25 09:40:56,671 [WARNING] Scan error ITC: name 'EMA_LENGTH' is not defined
2026-06-25 09:40:57,072 [WARNING] Scan error SBIN: name 'EMA_LENGTH' is not defined
2026-06-25 09:40:57,473 [WARNING] Scan error BHARTIARTL: name 'EMA_LENGTH' is not defined
2026-06-25 09:40:57,874 [WARNING] Scan error KOTAKBANK: name 'EMA_LENGTH' is not defined
2026-06-25 09:40:58,276 [WARNING] Scan error LT: name 'EMA_LENGTH' is not defined
2026-06-25 09:40:58,677 [WARNING] Scan error AXISBANK: name 'EMA_LENGTH' is not defined
2026-06-25 09:40:59,078 [WARNING] Scan error ASIANPAINT: name 'EMA_LENGTH' is not defined
2026-06-25 09:40:59,479 [WARNING] Scan error MARUTI: name 'EMA_LENGTH' is not defined
2026-06-25 09:40:59,880 [WARNING] Scan error SUNPHARMA: name 'EMA_LENGTH' is not defined
2026-06-25 09:41:00,281 [WARNING] Scan error WIPRO: name 'EMA_LENGTH' is not defined
2026-06-25 09:41:00,682 [WARNING] Scan error ULTRACEMCO: name 'EMA_LENGTH' is not defined
2026-06-25 09:41:01,083 [WARNING] Scan error TITAN: name 'EMA_LENGTH' is not defined
2026-06-25 09:41:01,485 [WARNING] Scan error BAJFINANCE: name 'EMA_LENGTH' is not defined
2026-06-25 09:41:01,886 [WARNING] Scan error NESTLEIND: name 'EMA_LENGTH' is not defined
2026-06-25 09:41:02,287 [WARNING] Scan error HCLTECH: name 'EMA_LENGTH' is not defined
2026-06-25 09:41:02,688 [WARNING] Scan error POWERGRID: name 'EMA_LENGTH' is not defined
2026-06-25 09:41:03,089 [WARNING] Scan error NTPC: name 'EMA_LENGTH' is not defined
2026-06-25 09:41:03,490 [WARNING] Scan error TECHM: name 'EMA_LENGTH' is not defined
2026-06-25 09:41:03,892 [WARNING] Scan error INDUSINDBK: name 'EMA_LENGTH' is not defined
2026-06-25 09:41:04,293 [WARNING] Scan error M&M: name 'EMA_LENGTH' is not defined
2026-06-25 09:41:04,694 [WARNING] Scan error TATASTEEL: name 'EMA_LENGTH' is not defined
2026-06-25 09:41:05,095 [WARNING] Scan error BAJAJ-AUTO: name 'EMA_LENGTH' is not defined
2026-06-25 09:41:05,496 [WARNING] Scan error GRASIM: name 'EMA_LENGTH' is not defined
2026-06-25 09:41:05,897 [WARNING] Scan error ADANIPORTS: name 'EMA_LENGTH' is not defined
2026-06-25 09:41:06,298 [WARNING] Scan error ONGC: name 'EMA_LENGTH' is not defined
2026-06-25 09:41:06,699 [WARNING] Scan error COALINDIA: name 'EMA_LENGTH' is not defined
2026-06-25 09:41:07,100 [WARNING] Scan error JSWSTEEL: name 'EMA_LENGTH' is not defined
2026-06-25 09:41:07,501 [WARNING] Scan error BRITANNIA: name 'EMA_LENGTH' is not defined
2026-06-25 09:41:07,902 [WARNING] Scan error DIVISLAB: name 'EMA_LENGTH' is not defined
2026-06-25 09:41:08,303 [WARNING] Scan error CIPLA: name 'EMA_LENGTH' is not defined
2026-06-25 09:41:08,705 [WARNING] Scan error HDFCLIFE: name 'EMA_LENGTH' is not defined
2026-06-25 09:41:09,106 [WARNING] Scan error SBILIFE: name 'EMA_LENGTH' is not defined
2026-06-25 09:41:09,506 [WARNING] Scan error BPCL: name 'EMA_LENGTH' is not defined
2026-06-25 09:41:09,907 [WARNING] Scan error HEROMOTOCO: name 'EMA_LENGTH' is not defined
2026-06-25 09:41:10,308 [WARNING] Scan error TATACONSUM: name 'EMA_LENGTH' is not defined
2026-06-25 09:41:10,709 [WARNING] Scan error APOLLOHOSP: name 'EMA_LENGTH' is not defined
2026-06-25 09:41:11,110 [WARNING] Scan error DRREDDY: name 'EMA_LENGTH' is not defined
2026-06-25 09:41:11,511 [WARNING] Scan error EICHERMOT: name 'EMA_LENGTH' is not defined
2026-06-25 09:41:11,912 [WARNING] Scan error HINDALCO: name 'EMA_LENGTH' is not defined
2026-06-25 09:41:12,313 [WARNING] Scan error UPL: name 'EMA_LENGTH' is not defined
2026-06-25 09:41:12,714 [WARNING] Scan error TATAMOTORS: name 'EMA_LENGTH' is not defined
2026-06-25 09:41:13,115 [WARNING] Scan error VEDL: name 'EMA_LENGTH' is not defined
2026-06-25 09:41:13,516 [WARNING] Scan error ADANIENT: name 'EMA_LENGTH' is not defined
2026-06-25 09:41:13,917 [WARNING] Scan error BAJAJFINSV: name 'EMA_LENGTH' is not defined
2026-06-25 09:41:14,318 [INFO] Scan complete | Positions: 0/5 | PnL: ₹0.00
2026-06-25 09:42:14,332 [WARNING] Scan error RELIANCE: name 'EMA_LENGTH' is not defined
2026-06-25 09:42:14,733 [WARNING] Scan error TCS: name 'EMA_LENGTH' is not defined
2026-06-25 09:42:15,134 [WARNING] Scan error HDFCBANK: name 'EMA_LENGTH' is not defined
2026-06-25 09:42:15,535 [WARNING] Scan error INFY: name 'EMA_LENGTH' is not defined
2026-06-25 09:42:15,936 [WARNING] Scan error ICICIBANK: name 'EMA_LENGTH' is not defined
2026-06-25 09:42:16,337 [WARNING] Scan error HINDUNILVR: name 'EMA_LENGTH' is not defined
2026-06-25 09:42:16,738 [WARNING] Scan error ITC: name 'EMA_LENGTH' is not defined
2026-06-25 09:42:17,139 [WARNING] Scan error SBIN: name 'EMA_LENGTH' is not defined
2026-06-25 09:42:17,540 [WARNING] Scan error BHARTIARTL: name 'EMA_LENGTH' is not defined
2026-06-25 09:42:17,941 [WARNING] Scan error KOTAKBANK: name 'EMA_LENGTH' is not defined
2026-06-25 09:42:18,342 [WARNING] Scan error LT: name 'EMA_LENGTH' is not defined
2026-06-25 09:42:18,743 [WARNING] Scan error AXISBANK: name 'EMA_LENGTH' is not defined
2026-06-25 09:42:19,144 [WARNING] Scan error ASIANPAINT: name 'EMA_LENGTH' is not defined
2026-06-25 09:42:19,545 [WARNING] Scan error MARUTI: name 'EMA_LENGTH' is not defined
2026-06-25 09:42:19,946 [WARNING] Scan error SUNPHARMA: name 'EMA_LENGTH' is not defined
2026-06-25 09:42:20,347 [WARNING] Scan error WIPRO: name 'EMA_LENGTH' is not defined
2026-06-25 09:42:20,748 [WARNING] Scan error ULTRACEMCO: name 'EMA_LENGTH' is not defined
2026-06-25 09:42:21,149 [WARNING] Scan error TITAN: name 'EMA_LENGTH' is not defined
2026-06-25 09:42:21,550 [WARNING] Scan error BAJFINANCE: name 'EMA_LENGTH' is not defined
2026-06-25 09:42:21,951 [WARNING] Scan error NESTLEIND: name 'EMA_LENGTH' is not defined
2026-06-25 09:42:22,353 [WARNING] Scan error HCLTECH: name 'EMA_LENGTH' is not defined
2026-06-25 09:42:22,754 [WARNING] Scan error POWERGRID: name 'EMA_LENGTH' is not defined
2026-06-25 09:42:23,155 [WARNING] Scan error NTPC: name 'EMA_LENGTH' is not defined
2026-06-25 09:42:23,557 [WARNING] Scan error TECHM: name 'EMA_LENGTH' is not defined
2026-06-25 09:42:23,957 [WARNING] Scan error INDUSINDBK: name 'EMA_LENGTH' is not defined
2026-06-25 09:42:24,359 [WARNING] Scan error M&M: name 'EMA_LENGTH' is not defined
2026-06-25 09:42:24,760 [WARNING] Scan error TATASTEEL: name 'EMA_LENGTH' is not defined
2026-06-25 09:42:25,161 [WARNING] Scan error BAJAJ-AUTO: name 'EMA_LENGTH' is not defined
2026-06-25 09:42:25,563 [WARNING] Scan error GRASIM: name 'EMA_LENGTH' is not defined
2026-06-25 09:42:25,963 [WARNING] Scan error ADANIPORTS: name 'EMA_LENGTH' is not defined
2026-06-25 09:42:26,364 [WARNING] Scan error ONGC: name 'EMA_LENGTH' is not defined
2026-06-25 09:42:26,766 [WARNING] Scan error COALINDIA: name 'EMA_LENGTH' is not defined
2026-06-25 09:42:27,167 [WARNING] Scan error JSWSTEEL: name 'EMA_LENGTH' is not defined
2026-06-25 09:42:27,568 [WARNING] Scan error BRITANNIA: name 'EMA_LENGTH' is not defined
2026-06-25 09:42:27,969 [WARNING] Scan error DIVISLAB: name 'EMA_LENGTH' is not defined
2026-06-25 09:42:28,370 [WARNING] Scan error CIPLA: name 'EMA_LENGTH' is not defined
2026-06-25 09:42:28,771 [WARNING] Scan error HDFCLIFE: name 'EMA_LENGTH' is not defined
2026-06-25 09:42:29,172 [WARNING] Scan error SBILIFE: name 'EMA_LENGTH' is not defined
2026-06-25 09:42:29,574 [WARNING] Scan error BPCL: name 'EMA_LENGTH' is not defined
2026-06-25 09:42:29,975 [WARNING] Scan error HEROMOTOCO: name 'EMA_LENGTH' is not defined
2026-06-25 09:42:30,376 [WARNING] Scan error TATACONSUM: name 'EMA_LENGTH' is not defined
2026-06-25 09:42:30,777 [WARNING] Scan error APOLLOHOSP: name 'EMA_LENGTH' is not defined
2026-06-25 09:42:31,179 [WARNING] Scan error DRREDDY: name 'EMA_LENGTH' is not defined
2026-06-25 09:42:31,580 [WARNING] Scan error EICHERMOT: name 'EMA_LENGTH' is not defined
2026-06-25 09:42:31,981 [WARNING] Scan error HINDALCO: name 'EMA_LENGTH' is not defined
2026-06-25 09:42:32,381 [WARNING] Scan error UPL: name 'EMA_LENGTH' is not defined
2026-06-25 09:42:32,782 [WARNING] Scan error TATAMOTORS: name 'EMA_LENGTH' is not defined
2026-06-25 09:42:33,184 [WARNING] Scan error VEDL: name 'EMA_LENGTH' is not defined
2026-06-25 09:42:33,585 [WARNING] Scan error ADANIENT: name 'EMA_LENGTH' is not defined
2026-06-25 09:42:33,986 [WARNING] Scan error BAJAJFINSV: name 'EMA_LENGTH' is not defined
2026-06-25 09:42:34,387 [INFO] Scan complete | Positions: 0/5 | PnL: ₹0.00
2026-06-25 09:43:34,435 [WARNING] Scan error RELIANCE: name 'EMA_LENGTH' is not defined
2026-06-25 09:43:34,836 [WARNING] Scan error TCS: name 'EMA_LENGTH' is not defined
2026-06-25 09:43:35,238 [WARNING] Scan error HDFCBANK: name 'EMA_LENGTH' is not defined
2026-06-25 09:43:35,639 [WARNING] Scan error INFY: name 'EMA_LENGTH' is not defined
2026-06-25 09:43:36,040 [WARNING] Scan error ICICIBANK: name 'EMA_LENGTH' is not defined
2026-06-25 09:43:36,441 [WARNING] Scan error HINDUNILVR: name 'EMA_LENGTH' is not defined
2026-06-25 09:43:36,842 [WARNING] Scan error ITC: name 'EMA_LENGTH' is not defined
2026-06-25 09:43:37,243 [WARNING] Scan error SBIN: name 'EMA_LENGTH' is not defined
2026-06-25 09:43:37,644 [WARNING] Scan error BHARTIARTL: name 'EMA_LENGTH' is not defined
2026-06-25 09:43:38,045 [WARNING] Scan error KOTAKBANK: name 'EMA_LENGTH' is not defined
2026-06-25 09:43:38,446 [WARNING] Scan error LT: name 'EMA_LENGTH' is not defined
2026-06-25 09:43:38,848 [WARNING] Scan error AXISBANK: name 'EMA_LENGTH' is not defined
2026-06-25 09:43:39,249 [WARNING] Scan error ASIANPAINT: name 'EMA_LENGTH' is not defined
2026-06-25 09:43:39,649 [WARNING] Scan error MARUTI: name 'EMA_LENGTH' is not defined
2026-06-25 09:43:40,050 [WARNING] Scan error SUNPHARMA: name 'EMA_LENGTH' is not defined
2026-06-25 09:43:40,451 [WARNING] Scan error WIPRO: name 'EMA_LENGTH' is not defined
2026-06-25 09:43:40,852 [WARNING] Scan error ULTRACEMCO: name 'EMA_LENGTH' is not defined
2026-06-25 09:43:41,253 [WARNING] Scan error TITAN: name 'EMA_LENGTH' is not defined
2026-06-25 09:43:41,654 [WARNING] Scan error BAJFINANCE: name 'EMA_LENGTH' is not defined
2026-06-25 09:43:42,055 [WARNING] Scan error NESTLEIND: name 'EMA_LENGTH' is not defined
2026-06-25 09:43:42,456 [WARNING] Scan error HCLTECH: name 'EMA_LENGTH' is not defined
2026-06-25 09:43:42,857 [WARNING] Scan error POWERGRID: name 'EMA_LENGTH' is not defined
2026-06-25 09:43:43,258 [WARNING] Scan error NTPC: name 'EMA_LENGTH' is not defined
2026-06-25 09:43:43,659 [WARNING] Scan error TECHM: name 'EMA_LENGTH' is not defined
2026-06-25 09:43:44,060 [WARNING] Scan error INDUSINDBK: name 'EMA_LENGTH' is not defined
2026-06-25 09:43:44,461 [WARNING] Scan error M&M: name 'EMA_LENGTH' is not defined
2026-06-25 09:43:44,862 [WARNING] Scan error TATASTEEL: name 'EMA_LENGTH' is not defined
2026-06-25 09:43:45,263 [WARNING] Scan error BAJAJ-AUTO: name 'EMA_LENGTH' is not defined
2026-06-25 09:43:45,664 [WARNING] Scan error GRASIM: name 'EMA_LENGTH' is not defined
2026-06-25 09:43:46,065 [WARNING] Scan error ADANIPORTS: name 'EMA_LENGTH' is not defined
2026-06-25 09:43:46,466 [WARNING] Scan error ONGC: name 'EMA_LENGTH' is not defined
2026-06-25 09:43:46,867 [WARNING] Scan error COALINDIA: name 'EMA_LENGTH' is not defined
2026-06-25 09:43:47,269 [WARNING] Scan error JSWSTEEL: name 'EMA_LENGTH' is not defined
2026-06-25 09:43:47,670 [WARNING] Scan error BRITANNIA: name 'EMA_LENGTH' is not defined
2026-06-25 09:43:48,070 [WARNING] Scan error DIVISLAB: name 'EMA_LENGTH' is not defined
2026-06-25 09:43:48,471 [WARNING] Scan error CIPLA: name 'EMA_LENGTH' is not defined
2026-06-25 09:43:48,872 [WARNING] Scan error HDFCLIFE: name 'EMA_LENGTH' is not defined
2026-06-25 09:43:49,273 [WARNING] Scan error SBILIFE: name 'EMA_LENGTH' is not defined
2026-06-25 09:43:49,674 [WARNING] Scan error BPCL: name 'EMA_LENGTH' is not defined
2026-06-25 09:43:50,075 [WARNING] Scan error HEROMOTOCO: name 'EMA_LENGTH' is not defined
2026-06-25 09:43:50,476 [WARNING] Scan error TATACONSUM: name 'EMA_LENGTH' is not defined
2026-06-25 09:43:50,877 [WARNING] Scan error APOLLOHOSP: name 'EMA_LENGTH' is not defined
2026-06-25 09:43:51,278 [WARNING] Scan error DRREDDY: name 'EMA_LENGTH' is not defined
2026-06-25 09:43:51,680 [WARNING] Scan error EICHERMOT: name 'EMA_LENGTH' is not defined
2026-06-25 09:43:52,081 [WARNING] Scan error HINDALCO: name 'EMA_LENGTH' is not defined
2026-06-25 09:43:52,482 [WARNING] Scan error UPL: name 'EMA_LENGTH' is not defined
2026-06-25 09:43:52,883 [WARNING] Scan error TATAMOTORS: name 'EMA_LENGTH' is not defined
2026-06-25 09:43:53,284 [WARNING] Scan error VEDL: name 'EMA_LENGTH' is not defined
2026-06-25 09:43:53,685 [WARNING] Scan error ADANIENT: name 'EMA_LENGTH' is not defined
2026-06-25 09:43:54,087 [WARNING] Scan error BAJAJFINSV: name 'EMA_LENGTH' is not defined
2026-06-25 09:43:54,488 [INFO] Scan complete | Positions: 0/5 | PnL: ₹0.00
2026-06-25 09:44:54,543 [WARNING] Scan error RELIANCE: name 'EMA_LENGTH' is not defined
2026-06-25 09:44:54,946 [WARNING] Scan error TCS: name 'EMA_LENGTH' is not defined
2026-06-25 09:44:55,347 [WARNING] Scan error HDFCBANK: name 'EMA_LENGTH' is not defined
2026-06-25 09:44:55,749 [WARNING] Scan error INFY: name 'EMA_LENGTH' is not defined
2026-06-25 09:44:56,150 [WARNING] Scan error ICICIBANK: name 'EMA_LENGTH' is not defined
2026-06-25 09:44:56,551 [WARNING] Scan error HINDUNILVR: name 'EMA_LENGTH' is not defined
2026-06-25 09:44:56,953 [WARNING] Scan error ITC: name 'EMA_LENGTH' is not defined
2026-06-25 09:44:57,354 [WARNING] Scan error SBIN: name 'EMA_LENGTH' is not defined
2026-06-25 09:44:57,755 [WARNING] Scan error BHARTIARTL: name 'EMA_LENGTH' is not defined
2026-06-25 09:44:58,156 [WARNING] Scan error KOTAKBANK: name 'EMA_LENGTH' is not defined
2026-06-25 09:44:58,557 [WARNING] Scan error LT: name 'EMA_LENGTH' is not defined
2026-06-25 09:44:58,958 [WARNING] Scan error AXISBANK: name 'EMA_LENGTH' is not defined
2026-06-25 09:44:59,359 [WARNING] Scan error ASIANPAINT: name 'EMA_LENGTH' is not defined
2026-06-25 09:44:59,761 [WARNING] Scan error MARUTI: name 'EMA_LENGTH' is not defined
2026-06-25 09:45:00,162 [WARNING] Scan error SUNPHARMA: name 'EMA_LENGTH' is not defined
2026-06-25 09:45:00,562 [WARNING] Scan error WIPRO: name 'EMA_LENGTH' is not defined
2026-06-25 09:45:00,963 [WARNING] Scan error ULTRACEMCO: name 'EMA_LENGTH' is not defined
2026-06-25 09:45:01,365 [WARNING] Scan error TITAN: name 'EMA_LENGTH' is not defined
2026-06-25 09:45:01,766 [WARNING] Scan error BAJFINANCE: name 'EMA_LENGTH' is not defined
2026-06-25 09:45:02,168 [WARNING] Scan error NESTLEIND: name 'EMA_LENGTH' is not defined
2026-06-25 09:45:02,569 [WARNING] Scan error HCLTECH: name 'EMA_LENGTH' is not defined
2026-06-25 09:45:02,970 [WARNING] Scan error POWERGRID: name 'EMA_LENGTH' is not defined
2026-06-25 09:45:03,371 [WARNING] Scan error NTPC: name 'EMA_LENGTH' is not defined
2026-06-25 09:45:03,772 [WARNING] Scan error TECHM: name 'EMA_LENGTH' is not defined
2026-06-25 09:45:04,173 [WARNING] Scan error INDUSINDBK: name 'EMA_LENGTH' is not defined
2026-06-25 09:45:04,574 [WARNING] Scan error M&M: name 'EMA_LENGTH' is not defined
2026-06-25 09:45:04,975 [WARNING] Scan error TATASTEEL: name 'EMA_LENGTH' is not defined
2026-06-25 09:45:05,377 [WARNING] Scan error BAJAJ-AUTO: name 'EMA_LENGTH' is not defined
2026-06-25 09:45:05,778 [WARNING] Scan error GRASIM: name 'EMA_LENGTH' is not defined
2026-06-25 09:45:06,179 [WARNING] Scan error ADANIPORTS: name 'EMA_LENGTH' is not defined
2026-06-25 09:45:06,580 [WARNING] Scan error ONGC: name 'EMA_LENGTH' is not defined
2026-06-25 09:45:06,981 [WARNING] Scan error COALINDIA: name 'EMA_LENGTH' is not defined
2026-06-25 09:45:07,382 [WARNING] Scan error JSWSTEEL: name 'EMA_LENGTH' is not defined
2026-06-25 09:45:07,783 [WARNING] Scan error BRITANNIA: name 'EMA_LENGTH' is not defined
2026-06-25 09:45:08,184 [WARNING] Scan error DIVISLAB: name 'EMA_LENGTH' is not defined
2026-06-25 09:45:08,585 [WARNING] Scan error CIPLA: name 'EMA_LENGTH' is not defined
2026-06-25 09:45:08,986 [WARNING] Scan error HDFCLIFE: name 'EMA_LENGTH' is not defined
2026-06-25 09:45:09,388 [WARNING] Scan error SBILIFE: name 'EMA_LENGTH' is not defined
2026-06-25 09:45:09,789 [WARNING] Scan error BPCL: name 'EMA_LENGTH' is not defined
2026-06-25 09:45:10,189 [WARNING] Scan error HEROMOTOCO: name 'EMA_LENGTH' is not defined
2026-06-25 09:45:10,590 [WARNING] Scan error TATACONSUM: name 'EMA_LENGTH' is not defined
2026-06-25 09:45:10,991 [WARNING] Scan error APOLLOHOSP: name 'EMA_LENGTH' is not defined
2026-06-25 09:45:11,393 [WARNING] Scan error DRREDDY: name 'EMA_LENGTH' is not defined
2026-06-25 09:45:11,794 [WARNING] Scan error EICHERMOT: name 'EMA_LENGTH' is not defined
2026-06-25 09:45:12,195 [WARNING] Scan error HINDALCO: name 'EMA_LENGTH' is not defined
2026-06-25 09:45:12,596 [WARNING] Scan error UPL: name 'EMA_LENGTH' is not defined
2026-06-25 09:45:12,998 [WARNING] Scan error TATAMOTORS: name 'EMA_LENGTH' is not defined
2026-06-25 09:45:13,399 [WARNING] Scan error VEDL: name 'EMA_LENGTH' is not defined
2026-06-25 09:45:13,800 [WARNING] Scan error ADANIENT: name 'EMA_LENGTH' is not defined
2026-06-25 09:45:14,201 [WARNING] Scan error BAJAJFINSV: name 'EMA_LENGTH' is not defined
2026-06-25 09:45:14,602 [INFO] Scan complete | Positions: 0/5 | PnL: ₹0.00
2026-06-25 09:46:14,662 [WARNING] Scan error RELIANCE: name 'EMA_LENGTH' is not defined
2026-06-25 09:46:15,063 [WARNING] Scan error TCS: name 'EMA_LENGTH' is not defined
2026-06-25 09:46:15,464 [WARNING] Scan error HDFCBANK: name 'EMA_LENGTH' is not defined
2026-06-25 09:46:15,866 [WARNING] Scan error INFY: name 'EMA_LENGTH' is not defined
2026-06-25 09:46:16,266 [WARNING] Scan error ICICIBANK: name 'EMA_LENGTH' is not defined
2026-06-25 09:46:16,667 [WARNING] Scan error HINDUNILVR: name 'EMA_LENGTH' is not defined
2026-06-25 09:46:17,068 [WARNING] Scan error ITC: name 'EMA_LENGTH' is not defined
2026-06-25 09:46:17,469 [WARNING] Scan error SBIN: name 'EMA_LENGTH' is not defined
2026-06-25 09:46:17,870 [WARNING] Scan error BHARTIARTL: name 'EMA_LENGTH' is not defined
2026-06-25 09:46:18,271 [WARNING] Scan error KOTAKBANK: name 'EMA_LENGTH' is not defined
2026-06-25 09:46:18,672 [WARNING] Scan error LT: name 'EMA_LENGTH' is not defined
2026-06-25 09:46:19,073 [WARNING] Scan error AXISBANK: name 'EMA_LENGTH' is not defined
2026-06-25 09:46:19,474 [WARNING] Scan error ASIANPAINT: name 'EMA_LENGTH' is not defined
2026-06-25 09:46:19,875 [WARNING] Scan error MARUTI: name 'EMA_LENGTH' is not defined
2026-06-25 09:46:20,276 [WARNING] Scan error SUNPHARMA: name 'EMA_LENGTH' is not defined
2026-06-25 09:46:20,677 [WARNING] Scan error WIPRO: name 'EMA_LENGTH' is not defined
2026-06-25 09:46:21,078 [WARNING] Scan error ULTRACEMCO: name 'EMA_LENGTH' is not defined
2026-06-25 09:46:21,479 [WARNING] Scan error TITAN: name 'EMA_LENGTH' is not defined
2026-06-25 09:46:21,880 [WARNING] Scan error BAJFINANCE: name 'EMA_LENGTH' is not defined
2026-06-25 09:46:22,281 [WARNING] Scan error NESTLEIND: name 'EMA_LENGTH' is not defined
2026-06-25 09:46:22,682 [WARNING] Scan error HCLTECH: name 'EMA_LENGTH' is not defined
2026-06-25 09:46:23,083 [WARNING] Scan error POWERGRID: name 'EMA_LENGTH' is not defined
2026-06-25 09:46:23,484 [WARNING] Scan error NTPC: name 'EMA_LENGTH' is not defined
2026-06-25 09:46:23,885 [WARNING] Scan error TECHM: name 'EMA_LENGTH' is not defined
2026-06-25 09:46:24,286 [WARNING] Scan error INDUSINDBK: name 'EMA_LENGTH' is not defined
2026-06-25 09:46:24,687 [WARNING] Scan error M&M: name 'EMA_LENGTH' is not defined
2026-06-25 09:46:25,088 [WARNING] Scan error TATASTEEL: name 'EMA_LENGTH' is not defined
2026-06-25 09:46:25,489 [WARNING] Scan error BAJAJ-AUTO: name 'EMA_LENGTH' is not defined
2026-06-25 09:46:25,890 [WARNING] Scan error GRASIM: name 'EMA_LENGTH' is not defined
2026-06-25 09:46:26,291 [WARNING] Scan error ADANIPORTS: name 'EMA_LENGTH' is not defined
2026-06-25 09:46:26,692 [WARNING] Scan error ONGC: name 'EMA_LENGTH' is not defined
2026-06-25 09:46:27,093 [WARNING] Scan error COALINDIA: name 'EMA_LENGTH' is not defined
2026-06-25 09:46:27,494 [WARNING] Scan error JSWSTEEL: name 'EMA_LENGTH' is not defined
2026-06-25 09:46:27,895 [WARNING] Scan error BRITANNIA: name 'EMA_LENGTH' is not defined
2026-06-25 09:46:28,296 [WARNING] Scan error DIVISLAB: name 'EMA_LENGTH' is not defined
2026-06-25 09:46:28,697 [WARNING] Scan error CIPLA: name 'EMA_LENGTH' is not defined
2026-06-25 09:46:29,098 [WARNING] Scan error HDFCLIFE: name 'EMA_LENGTH' is not defined
2026-06-25 09:46:29,499 [WARNING] Scan error SBILIFE: name 'EMA_LENGTH' is not defined
2026-06-25 09:46:29,900 [WARNING] Scan error BPCL: name 'EMA_LENGTH' is not defined
2026-06-25 09:46:30,301 [WARNING] Scan error HEROMOTOCO: name 'EMA_LENGTH' is not defined
2026-06-25 09:46:30,702 [WARNING] Scan error TATACONSUM: name 'EMA_LENGTH' is not defined
2026-06-25 09:46:31,103 [WARNING] Scan error APOLLOHOSP: name 'EMA_LENGTH' is not defined
2026-06-25 09:46:31,504 [WARNING] Scan error DRREDDY: name 'EMA_LENGTH' is not defined
2026-06-25 09:46:31,905 [WARNING] Scan error EICHERMOT: name 'EMA_LENGTH' is not defined
2026-06-25 09:46:32,306 [WARNING] Scan error HINDALCO: name 'EMA_LENGTH' is not defined
2026-06-25 09:46:32,707 [WARNING] Scan error UPL: name 'EMA_LENGTH' is not defined
2026-06-25 09:46:33,109 [WARNING] Scan error TATAMOTORS: name 'EMA_LENGTH' is not defined
2026-06-25 09:46:33,510 [WARNING] Scan error VEDL: name 'EMA_LENGTH' is not defined
2026-06-25 09:46:33,911 [WARNING] Scan error ADANIENT: name 'EMA_LENGTH' is not defined
2026-06-25 09:46:34,312 [WARNING] Scan error BAJAJFINSV: name 'EMA_LENGTH' is not defined
2026-06-25 09:46:34,713 [INFO] Scan complete | Positions: 0/5 | PnL: ₹0.00
2026-06-25 09:47:34,741 [WARNING] Scan error RELIANCE: name 'EMA_LENGTH' is not defined
2026-06-25 09:47:35,142 [WARNING] Scan error TCS: name 'EMA_LENGTH' is not defined
2026-06-25 09:47:35,542 [WARNING] Scan error HDFCBANK: name 'EMA_LENGTH' is not defined
2026-06-25 09:47:35,943 [WARNING] Scan error INFY: name 'EMA_LENGTH' is not defined
2026-06-25 09:47:36,345 [WARNING] Scan error ICICIBANK: name 'EMA_LENGTH' is not defined
2026-06-25 09:47:36,746 [WARNING] Scan error HINDUNILVR: name 'EMA_LENGTH' is not defined
2026-06-25 09:47:37,147 [WARNING] Scan error ITC: name 'EMA_LENGTH' is not defined
2026-06-25 09:47:37,549 [WARNING] Scan error SBIN: name 'EMA_LENGTH' is not defined
2026-06-25 09:47:37,950 [WARNING] Scan error BHARTIARTL: name 'EMA_LENGTH' is not defined
2026-06-25 09:47:38,351 [WARNING] Scan error KOTAKBANK: name 'EMA_LENGTH' is not defined
2026-06-25 09:47:38,752 [WARNING] Scan error LT: name 'EMA_LENGTH' is not defined
2026-06-25 09:47:39,153 [WARNING] Scan error AXISBANK: name 'EMA_LENGTH' is not defined
2026-06-25 09:47:39,554 [WARNING] Scan error ASIANPAINT: name 'EMA_LENGTH' is not defined
2026-06-25 09:47:39,955 [WARNING] Scan error MARUTI: name 'EMA_LENGTH' is not defined
2026-06-25 09:47:40,356 [WARNING] Scan error SUNPHARMA: name 'EMA_LENGTH' is not defined
2026-06-25 09:47:40,757 [WARNING] Scan error WIPRO: name 'EMA_LENGTH' is not defined
2026-06-25 09:47:41,158 [WARNING] Scan error ULTRACEMCO: name 'EMA_LENGTH' is not defined
2026-06-25 09:47:41,559 [WARNING] Scan error TITAN: name 'EMA_LENGTH' is not defined
2026-06-25 09:47:41,960 [WARNING] Scan error BAJFINANCE: name 'EMA_LENGTH' is not defined
2026-06-25 09:47:42,361 [WARNING] Scan error NESTLEIND: name 'EMA_LENGTH' is not defined
2026-06-25 09:47:42,762 [WARNING] Scan error HCLTECH: name 'EMA_LENGTH' is not defined
2026-06-25 09:47:43,163 [WARNING] Scan error POWERGRID: name 'EMA_LENGTH' is not defined
2026-06-25 09:47:43,565 [WARNING] Scan error NTPC: name 'EMA_LENGTH' is not defined
2026-06-25 09:47:43,966 [WARNING] Scan error TECHM: name 'EMA_LENGTH' is not defined
2026-06-25 09:47:44,367 [WARNING] Scan error INDUSINDBK: name 'EMA_LENGTH' is not defined
2026-06-25 09:47:44,768 [WARNING] Scan error M&M: name 'EMA_LENGTH' is not defined
2026-06-25 09:47:45,169 [WARNING] Scan error TATASTEEL: name 'EMA_LENGTH' is not defined
2026-06-25 09:47:45,570 [WARNING] Scan error BAJAJ-AUTO: name 'EMA_LENGTH' is not defined
2026-06-25 09:47:45,971 [WARNING] Scan error GRASIM: name 'EMA_LENGTH' is not defined
2026-06-25 09:47:46,373 [WARNING] Scan error ADANIPORTS: name 'EMA_LENGTH' is not defined
2026-06-25 09:47:46,773 [WARNING] Scan error ONGC: name 'EMA_LENGTH' is not defined
2026-06-25 09:47:47,174 [WARNING] Scan error COALINDIA: name 'EMA_LENGTH' is not defined
2026-06-25 09:47:47,576 [WARNING] Scan error JSWSTEEL: name 'EMA_LENGTH' is not defined
2026-06-25 09:47:47,976 [WARNING] Scan error BRITANNIA: name 'EMA_LENGTH' is not defined
2026-06-25 09:47:48,377 [WARNING] Scan error DIVISLAB: name 'EMA_LENGTH' is not defined
2026-06-25 09:47:48,778 [WARNING] Scan error CIPLA: name 'EMA_LENGTH' is not defined
2026-06-25 09:47:49,180 [WARNING] Scan error HDFCLIFE: name 'EMA_LENGTH' is not defined
2026-06-25 09:47:49,581 [WARNING] Scan error SBILIFE: name 'EMA_LENGTH' is not defined
2026-06-25 09:47:49,981 [WARNING] Scan error BPCL: name 'EMA_LENGTH' is not defined
2026-06-25 09:47:50,382 [WARNING] Scan error HEROMOTOCO: name 'EMA_LENGTH' is not defined
2026-06-25 09:47:50,783 [WARNING] Scan error TATACONSUM: name 'EMA_LENGTH' is not defined
2026-06-25 09:47:51,185 [WARNING] Scan error APOLLOHOSP: name 'EMA_LENGTH' is not defined
2026-06-25 09:47:51,585 [WARNING] Scan error DRREDDY: name 'EMA_LENGTH' is not defined
2026-06-25 09:47:51,986 [WARNING] Scan error EICHERMOT: name 'EMA_LENGTH' is not defined
2026-06-25 09:47:52,387 [WARNING] Scan error HINDALCO: name 'EMA_LENGTH' is not defined
2026-06-25 09:47:52,789 [WARNING] Scan error UPL: name 'EMA_LENGTH' is not defined
2026-06-25 09:47:53,190 [WARNING] Scan error TATAMOTORS: name 'EMA_LENGTH' is not defined
2026-06-25 09:47:53,591 [WARNING] Scan error VEDL: name 'EMA_LENGTH' is not defined
2026-06-25 09:47:53,992 [WARNING] Scan error ADANIENT: name 'EMA_LENGTH' is not defined
2026-06-25 09:47:54,394 [WARNING] Scan error BAJAJFINSV: name 'EMA_LENGTH' is not defined
2026-06-25 09:47:54,795 [INFO] Scan complete | Positions: 0/5 | PnL: ₹0.00
2026-06-25 09:48:54,856 [WARNING] Scan error RELIANCE: name 'EMA_LENGTH' is not defined
2026-06-25 09:48:55,257 [WARNING] Scan error TCS: name 'EMA_LENGTH' is not defined
2026-06-25 09:48:55,658 [WARNING] Scan error HDFCBANK: name 'EMA_LENGTH' is not defined
2026-06-25 09:48:56,059 [WARNING] Scan error INFY: name 'EMA_LENGTH' is not defined
2026-06-25 09:48:56,460 [WARNING] Scan error ICICIBANK: name 'EMA_LENGTH' is not defined
2026-06-25 09:48:56,861 [WARNING] Scan error HINDUNILVR: name 'EMA_LENGTH' is not defined
2026-06-25 09:48:57,263 [WARNING] Scan error ITC: name 'EMA_LENGTH' is not defined
2026-06-25 09:48:57,664 [WARNING] Scan error SBIN: name 'EMA_LENGTH' is not defined
2026-06-25 09:48:58,065 [WARNING] Scan error BHARTIARTL: name 'EMA_LENGTH' is not defined
2026-06-25 09:48:58,467 [WARNING] Scan error KOTAKBANK: name 'EMA_LENGTH' is not defined
2026-06-25 09:48:58,868 [WARNING] Scan error LT: name 'EMA_LENGTH' is not defined
2026-06-25 09:48:59,269 [WARNING] Scan error AXISBANK: name 'EMA_LENGTH' is not defined
2026-06-25 09:48:59,670 [WARNING] Scan error ASIANPAINT: name 'EMA_LENGTH' is not defined
2026-06-25 09:49:00,071 [WARNING] Scan error MARUTI: name 'EMA_LENGTH' is not defined
2026-06-25 09:49:00,473 [WARNING] Scan error SUNPHARMA: name 'EMA_LENGTH' is not defined
2026-06-25 09:49:00,873 [WARNING] Scan error WIPRO: name 'EMA_LENGTH' is not defined
2026-06-25 09:49:01,274 [WARNING] Scan error ULTRACEMCO: name 'EMA_LENGTH' is not defined
2026-06-25 09:49:01,675 [WARNING] Scan error TITAN: name 'EMA_LENGTH' is not defined
2026-06-25 09:49:02,076 [WARNING] Scan error BAJFINANCE: name 'EMA_LENGTH' is not defined
2026-06-25 09:49:02,478 [WARNING] Scan error NESTLEIND: name 'EMA_LENGTH' is not defined
2026-06-25 09:49:02,879 [WARNING] Scan error HCLTECH: name 'EMA_LENGTH' is not defined
2026-06-25 09:49:03,280 [WARNING] Scan error POWERGRID: name 'EMA_LENGTH' is not defined
2026-06-25 09:49:03,681 [WARNING] Scan error NTPC: name 'EMA_LENGTH' is not defined
2026-06-25 09:49:04,082 [WARNING] Scan error TECHM: name 'EMA_LENGTH' is not defined
2026-06-25 09:49:04,483 [WARNING] Scan error INDUSINDBK: name 'EMA_LENGTH' is not defined
2026-06-25 09:49:04,884 [WARNING] Scan error M&M: name 'EMA_LENGTH' is not defined
2026-06-25 09:49:05,285 [WARNING] Scan error TATASTEEL: name 'EMA_LENGTH' is not defined
2026-06-25 09:49:05,686 [WARNING] Scan error BAJAJ-AUTO: name 'EMA_LENGTH' is not defined
2026-06-25 09:49:06,087 [WARNING] Scan error GRASIM: name 'EMA_LENGTH' is not defined
2026-06-25 09:49:06,488 [WARNING] Scan error ADANIPORTS: name 'EMA_LENGTH' is not defined
2026-06-25 09:49:06,889 [WARNING] Scan error ONGC: name 'EMA_LENGTH' is not defined
2026-06-25 09:49:07,291 [WARNING] Scan error COALINDIA: name 'EMA_LENGTH' is not defined
2026-06-25 09:49:07,691 [WARNING] Scan error JSWSTEEL: name 'EMA_LENGTH' is not defined
2026-06-25 09:49:08,092 [WARNING] Scan error BRITANNIA: name 'EMA_LENGTH' is not defined
2026-06-25 09:49:08,493 [WARNING] Scan error DIVISLAB: name 'EMA_LENGTH' is not defined
2026-06-25 09:49:08,894 [WARNING] Scan error CIPLA: name 'EMA_LENGTH' is not defined
2026-06-25 09:49:09,295 [WARNING] Scan error HDFCLIFE: name 'EMA_LENGTH' is not defined
2026-06-25 09:49:09,696 [WARNING] Scan error SBILIFE: name 'EMA_LENGTH' is not defined
2026-06-25 09:49:10,097 [WARNING] Scan error BPCL: name 'EMA_LENGTH' is not defined
2026-06-25 09:49:10,498 [WARNING] Scan error HEROMOTOCO: name 'EMA_LENGTH' is not defined
2026-06-25 09:49:10,899 [WARNING] Scan error TATACONSUM: name 'EMA_LENGTH' is not defined
2026-06-25 09:49:11,300 [WARNING] Scan error APOLLOHOSP: name 'EMA_LENGTH' is not defined
2026-06-25 09:49:11,701 [WARNING] Scan error DRREDDY: name 'EMA_LENGTH' is not defined
2026-06-25 09:49:12,102 [WARNING] Scan error EICHERMOT: name 'EMA_LENGTH' is not defined
2026-06-25 09:49:12,503 [WARNING] Scan error HINDALCO: name 'EMA_LENGTH' is not defined
2026-06-25 09:49:12,904 [WARNING] Scan error UPL: name 'EMA_LENGTH' is not defined
2026-06-25 09:49:13,305 [WARNING] Scan error TATAMOTORS: name 'EMA_LENGTH' is not defined
2026-06-25 09:49:13,706 [WARNING] Scan error VEDL: name 'EMA_LENGTH' is not defined
2026-06-25 09:49:14,108 [WARNING] Scan error ADANIENT: name 'EMA_LENGTH' is not defined
2026-06-25 09:49:14,509 [WARNING] Scan error BAJAJFINSV: name 'EMA_LENGTH' is not defined
2026-06-25 09:49:14,910 [INFO] Scan complete | Positions: 0/5 | PnL: ₹0.00
2026-06-25 09:50:14,968 [WARNING] Scan error RELIANCE: name 'EMA_LENGTH' is not defined
2026-06-25 09:50:15,369 [WARNING] Scan error TCS: name 'EMA_LENGTH' is not defined
2026-06-25 09:50:15,771 [WARNING] Scan error HDFCBANK: name 'EMA_LENGTH' is not defined
2026-06-25 09:50:16,172 [WARNING] Scan error INFY: name 'EMA_LENGTH' is not defined
2026-06-25 09:50:16,573 [WARNING] Scan error ICICIBANK: name 'EMA_LENGTH' is not defined
2026-06-25 09:50:16,974 [WARNING] Scan error HINDUNILVR: name 'EMA_LENGTH' is not defined
2026-06-25 09:50:17,375 [WARNING] Scan error ITC: name 'EMA_LENGTH' is not defined
2026-06-25 09:50:17,777 [WARNING] Scan error SBIN: name 'EMA_LENGTH' is not defined
2026-06-25 09:50:18,178 [WARNING] Scan error BHARTIARTL: name 'EMA_LENGTH' is not defined
2026-06-25 09:50:18,579 [WARNING] Scan error KOTAKBANK: name 'EMA_LENGTH' is not defined
2026-06-25 09:50:18,980 [WARNING] Scan error LT: name 'EMA_LENGTH' is not defined
2026-06-25 09:50:19,382 [WARNING] Scan error AXISBANK: name 'EMA_LENGTH' is not defined
2026-06-25 09:50:19,782 [WARNING] Scan error ASIANPAINT: name 'EMA_LENGTH' is not defined
2026-06-25 09:50:20,183 [WARNING] Scan error MARUTI: name 'EMA_LENGTH' is not defined
2026-06-25 09:50:20,585 [WARNING] Scan error SUNPHARMA: name 'EMA_LENGTH' is not defined
2026-06-25 09:50:20,985 [WARNING] Scan error WIPRO: name 'EMA_LENGTH' is not defined
2026-06-25 09:50:21,386 [WARNING] Scan error ULTRACEMCO: name 'EMA_LENGTH' is not defined
2026-06-25 09:50:21,788 [WARNING] Scan error TITAN: name 'EMA_LENGTH' is not defined
2026-06-25 09:50:22,189 [WARNING] Scan error BAJFINANCE: name 'EMA_LENGTH' is not defined
2026-06-25 09:50:22,590 [WARNING] Scan error NESTLEIND: name 'EMA_LENGTH' is not defined
2026-06-25 09:50:22,991 [WARNING] Scan error HCLTECH: name 'EMA_LENGTH' is not defined
2026-06-25 09:50:23,392 [WARNING] Scan error POWERGRID: name 'EMA_LENGTH' is not defined
2026-06-25 09:50:23,793 [WARNING] Scan error NTPC: name 'EMA_LENGTH' is not defined
2026-06-25 09:50:24,194 [WARNING] Scan error TECHM: name 'EMA_LENGTH' is not defined
2026-06-25 09:50:24,595 [WARNING] Scan error INDUSINDBK: name 'EMA_LENGTH' is not defined
2026-06-25 09:50:24,996 [WARNING] Scan error M&M: name 'EMA_LENGTH' is not defined
2026-06-25 09:50:25,398 [WARNING] Scan error TATASTEEL: name 'EMA_LENGTH' is not defined
2026-06-25 09:50:25,799 [WARNING] Scan error BAJAJ-AUTO: name 'EMA_LENGTH' is not defined
2026-06-25 09:50:26,200 [WARNING] Scan error GRASIM: name 'EMA_LENGTH' is not defined
2026-06-25 09:50:26,601 [WARNING] Scan error ADANIPORTS: name 'EMA_LENGTH' is not defined
2026-06-25 09:50:27,002 [WARNING] Scan error ONGC: name 'EMA_LENGTH' is not defined
2026-06-25 09:50:27,404 [WARNING] Scan error COALINDIA: name 'EMA_LENGTH' is not defined
2026-06-25 09:50:27,805 [WARNING] Scan error JSWSTEEL: name 'EMA_LENGTH' is not defined
2026-06-25 09:50:28,206 [WARNING] Scan error BRITANNIA: name 'EMA_LENGTH' is not defined
2026-06-25 09:50:28,607 [WARNING] Scan error DIVISLAB: name 'EMA_LENGTH' is not defined
2026-06-25 09:50:29,008 [WARNING] Scan error CIPLA: name 'EMA_LENGTH' is not defined
2026-06-25 09:50:29,410 [WARNING] Scan error HDFCLIFE: name 'EMA_LENGTH' is not defined
2026-06-25 09:50:29,811 [WARNING] Scan error SBILIFE: name 'EMA_LENGTH' is not defined
2026-06-25 09:50:30,212 [WARNING] Scan error BPCL: name 'EMA_LENGTH' is not defined
2026-06-25 09:50:30,613 [WARNING] Scan error HEROMOTOCO: name 'EMA_LENGTH' is not defined
2026-06-25 09:50:31,014 [WARNING] Scan error TATACONSUM: name 'EMA_LENGTH' is not defined
2026-06-25 09:50:31,415 [WARNING] Scan error APOLLOHOSP: name 'EMA_LENGTH' is not defined
2026-06-25 09:50:31,816 [WARNING] Scan error DRREDDY: name 'EMA_LENGTH' is not defined
2026-06-25 09:50:32,218 [WARNING] Scan error EICHERMOT: name 'EMA_LENGTH' is not defined
2026-06-25 09:50:32,619 [WARNING] Scan error HINDALCO: name 'EMA_LENGTH' is not defined
2026-06-25 09:50:33,020 [WARNING] Scan error UPL: name 'EMA_LENGTH' is not defined
2026-06-25 09:50:33,421 [WARNING] Scan error TATAMOTORS: name 'EMA_LENGTH' is not defined
2026-06-25 09:50:33,822 [WARNING] Scan error VEDL: name 'EMA_LENGTH' is not defined
2026-06-25 09:50:34,223 [WARNING] Scan error ADANIENT: name 'EMA_LENGTH' is not defined
2026-06-25 09:50:34,624 [WARNING] Scan error BAJAJFINSV: name 'EMA_LENGTH' is not defined
2026-06-25 09:50:35,025 [INFO] Scan complete | Positions: 0/5 | PnL: ₹0.00
2026-06-25 09:51:35,085 [WARNING] Scan error RELIANCE: name 'EMA_LENGTH' is not defined
2026-06-25 09:51:35,487 [WARNING] Scan error TCS: name 'EMA_LENGTH' is not defined
2026-06-25 09:51:35,887 [WARNING] Scan error HDFCBANK: name 'EMA_LENGTH' is not defined
2026-06-25 09:51:36,288 [WARNING] Scan error INFY: name 'EMA_LENGTH' is not defined
2026-06-25 09:51:36,689 [WARNING] Scan error ICICIBANK: name 'EMA_LENGTH' is not defined
2026-06-25 09:51:37,091 [WARNING] Scan error HINDUNILVR: name 'EMA_LENGTH' is not defined
2026-06-25 09:51:37,492 [WARNING] Scan error ITC: name 'EMA_LENGTH' is not defined
2026-06-25 09:51:37,893 [WARNING] Scan error SBIN: name 'EMA_LENGTH' is not defined
2026-06-25 09:51:38,294 [WARNING] Scan error BHARTIARTL: name 'EMA_LENGTH' is not defined
2026-06-25 09:51:38,695 [WARNING] Scan error KOTAKBANK: name 'EMA_LENGTH' is not defined
2026-06-25 09:51:39,096 [WARNING] Scan error LT: name 'EMA_LENGTH' is not defined
2026-06-25 09:51:39,497 [WARNING] Scan error AXISBANK: name 'EMA_LENGTH' is not defined
2026-06-25 09:51:39,898 [WARNING] Scan error ASIANPAINT: name 'EMA_LENGTH' is not defined
2026-06-25 09:51:40,299 [WARNING] Scan error MARUTI: name 'EMA_LENGTH' is not defined
2026-06-25 09:51:40,700 [WARNING] Scan error SUNPHARMA: name 'EMA_LENGTH' is not defined
2026-06-25 09:51:41,101 [WARNING] Scan error WIPRO: name 'EMA_LENGTH' is not defined
2026-06-25 09:51:41,502 [WARNING] Scan error ULTRACEMCO: name 'EMA_LENGTH' is not defined
2026-06-25 09:51:41,903 [WARNING] Scan error TITAN: name 'EMA_LENGTH' is not defined
2026-06-25 09:51:42,304 [WARNING] Scan error BAJFINANCE: name 'EMA_LENGTH' is not defined
2026-06-25 09:51:42,706 [WARNING] Scan error NESTLEIND: name 'EMA_LENGTH' is not defined
2026-06-25 09:51:43,106 [WARNING] Scan error HCLTECH: name 'EMA_LENGTH' is not defined
2026-06-25 09:51:43,507 [WARNING] Scan error POWERGRID: name 'EMA_LENGTH' is not defined
2026-06-25 09:51:43,909 [WARNING] Scan error NTPC: name 'EMA_LENGTH' is not defined
2026-06-25 09:51:44,309 [WARNING] Scan error TECHM: name 'EMA_LENGTH' is not defined
2026-06-25 09:51:44,711 [WARNING] Scan error INDUSINDBK: name 'EMA_LENGTH' is not defined
2026-06-25 09:51:45,111 [WARNING] Scan error M&M: name 'EMA_LENGTH' is not defined
2026-06-25 09:51:45,512 [WARNING] Scan error TATASTEEL: name 'EMA_LENGTH' is not defined
2026-06-25 09:51:45,914 [WARNING] Scan error BAJAJ-AUTO: name 'EMA_LENGTH' is not defined
2026-06-25 09:51:46,315 [WARNING] Scan error GRASIM: name 'EMA_LENGTH' is not defined
2026-06-25 09:51:46,716 [WARNING] Scan error ADANIPORTS: name 'EMA_LENGTH' is not defined
2026-06-25 09:51:47,117 [WARNING] Scan error ONGC: name 'EMA_LENGTH' is not defined
2026-06-25 09:51:47,518 [WARNING] Scan error COALINDIA: name 'EMA_LENGTH' is not defined
2026-06-25 09:51:47,919 [WARNING] Scan error JSWSTEEL: name 'EMA_LENGTH' is not defined
2026-06-25 09:51:48,320 [WARNING] Scan error BRITANNIA: name 'EMA_LENGTH' is not defined
2026-06-25 09:51:48,721 [WARNING] Scan error DIVISLAB: name 'EMA_LENGTH' is not defined
2026-06-25 09:51:49,122 [WARNING] Scan error CIPLA: name 'EMA_LENGTH' is not defined
2026-06-25 09:51:49,523 [WARNING] Scan error HDFCLIFE: name 'EMA_LENGTH' is not defined
2026-06-25 09:51:49,924 [WARNING] Scan error SBILIFE: name 'EMA_LENGTH' is not defined
2026-06-25 09:51:50,325 [WARNING] Scan error BPCL: name 'EMA_LENGTH' is not defined
2026-06-25 09:51:50,726 [WARNING] Scan error HEROMOTOCO: name 'EMA_LENGTH' is not defined
2026-06-25 09:51:51,127 [WARNING] Scan error TATACONSUM: name 'EMA_LENGTH' is not defined
2026-06-25 09:51:51,528 [WARNING] Scan error APOLLOHOSP: name 'EMA_LENGTH' is not defined
2026-06-25 09:51:51,929 [WARNING] Scan error DRREDDY: name 'EMA_LENGTH' is not defined
2026-06-25 09:51:52,330 [WARNING] Scan error EICHERMOT: name 'EMA_LENGTH' is not defined
2026-06-25 09:51:52,732 [WARNING] Scan error HINDALCO: name 'EMA_LENGTH' is not defined
2026-06-25 09:51:53,133 [WARNING] Scan error UPL: name 'EMA_LENGTH' is not defined
2026-06-25 09:51:53,534 [WARNING] Scan error TATAMOTORS: name 'EMA_LENGTH' is not defined
2026-06-25 09:51:53,935 [WARNING] Scan error VEDL: name 'EMA_LENGTH' is not defined
2026-06-25 09:51:54,336 [WARNING] Scan error ADANIENT: name 'EMA_LENGTH' is not defined
2026-06-25 09:51:54,737 [WARNING] Scan error BAJAJFINSV: name 'EMA_LENGTH' is not defined
2026-06-25 09:51:55,138 [INFO] Scan complete | Positions: 0/5 | PnL: ₹0.00
2026-06-25 09:52:55,192 [WARNING] Scan error RELIANCE: name 'EMA_LENGTH' is not defined
2026-06-25 09:52:55,598 [WARNING] Scan error TCS: name 'EMA_LENGTH' is not defined
2026-06-25 09:52:55,999 [WARNING] Scan error HDFCBANK: name 'EMA_LENGTH' is not defined
2026-06-25 09:52:56,400 [WARNING] Scan error INFY: name 'EMA_LENGTH' is not defined
2026-06-25 09:52:56,801 [WARNING] Scan error ICICIBANK: name 'EMA_LENGTH' is not defined
2026-06-25 09:52:57,203 [WARNING] Scan error HINDUNILVR: name 'EMA_LENGTH' is not defined
2026-06-25 09:52:57,604 [WARNING] Scan error ITC: name 'EMA_LENGTH' is not defined
2026-06-25 09:52:58,004 [WARNING] Scan error SBIN: name 'EMA_LENGTH' is not defined
2026-06-25 09:52:58,405 [WARNING] Scan error BHARTIARTL: name 'EMA_LENGTH' is not defined
2026-06-25 09:52:58,806 [WARNING] Scan error KOTAKBANK: name 'EMA_LENGTH' is not defined
2026-06-25 09:52:59,207 [WARNING] Scan error LT: name 'EMA_LENGTH' is not defined
2026-06-25 09:52:59,608 [WARNING] Scan error AXISBANK: name 'EMA_LENGTH' is not defined
2026-06-25 09:53:00,010 [WARNING] Scan error ASIANPAINT: name 'EMA_LENGTH' is not defined
2026-06-25 09:53:00,411 [WARNING] Scan error MARUTI: name 'EMA_LENGTH' is not defined
2026-06-25 09:53:00,812 [WARNING] Scan error SUNPHARMA: name 'EMA_LENGTH' is not defined
2026-06-25 09:53:01,213 [WARNING] Scan error WIPRO: name 'EMA_LENGTH' is not defined
2026-06-25 09:53:01,614 [WARNING] Scan error ULTRACEMCO: name 'EMA_LENGTH' is not defined
2026-06-25 09:53:02,015 [WARNING] Scan error TITAN: name 'EMA_LENGTH' is not defined
2026-06-25 09:53:02,416 [WARNING] Scan error BAJFINANCE: name 'EMA_LENGTH' is not defined
2026-06-25 09:53:02,818 [WARNING] Scan error NESTLEIND: name 'EMA_LENGTH' is not defined
2026-06-25 09:53:03,219 [WARNING] Scan error HCLTECH: name 'EMA_LENGTH' is not defined
2026-06-25 09:53:03,619 [WARNING] Scan error POWERGRID: name 'EMA_LENGTH' is not defined
2026-06-25 09:53:04,020 [WARNING] Scan error NTPC: name 'EMA_LENGTH' is not defined
2026-06-25 09:53:04,421 [WARNING] Scan error TECHM: name 'EMA_LENGTH' is not defined
2026-06-25 09:53:04,822 [WARNING] Scan error INDUSINDBK: name 'EMA_LENGTH' is not defined
2026-06-25 09:53:05,223 [WARNING] Scan error M&M: name 'EMA_LENGTH' is not defined
2026-06-25 09:53:05,624 [WARNING] Scan error TATASTEEL: name 'EMA_LENGTH' is not defined
2026-06-25 09:53:06,025 [WARNING] Scan error BAJAJ-AUTO: name 'EMA_LENGTH' is not defined
2026-06-25 09:53:06,427 [WARNING] Scan error GRASIM: name 'EMA_LENGTH' is not defined
2026-06-25 09:53:06,828 [WARNING] Scan error ADANIPORTS: name 'EMA_LENGTH' is not defined
2026-06-25 09:53:07,229 [WARNING] Scan error ONGC: name 'EMA_LENGTH' is not defined
2026-06-25 09:53:07,630 [WARNING] Scan error COALINDIA: name 'EMA_LENGTH' is not defined
2026-06-25 09:53:08,031 [WARNING] Scan error JSWSTEEL: name 'EMA_LENGTH' is not defined
2026-06-25 09:53:08,432 [WARNING] Scan error BRITANNIA: name 'EMA_LENGTH' is not defined
2026-06-25 09:53:08,833 [WARNING] Scan error DIVISLAB: name 'EMA_LENGTH' is not defined
2026-06-25 09:53:09,234 [WARNING] Scan error CIPLA: name 'EMA_LENGTH' is not defined
2026-06-25 09:53:09,636 [WARNING] Scan error HDFCLIFE: name 'EMA_LENGTH' is not defined
2026-06-25 09:53:10,037 [WARNING] Scan error SBILIFE: name 'EMA_LENGTH' is not defined
2026-06-25 09:53:10,438 [WARNING] Scan error BPCL: name 'EMA_LENGTH' is not defined
2026-06-25 09:53:10,839 [WARNING] Scan error HEROMOTOCO: name 'EMA_LENGTH' is not defined
2026-06-25 09:53:11,240 [WARNING] Scan error TATACONSUM: name 'EMA_LENGTH' is not defined
2026-06-25 09:53:11,640 [WARNING] Scan error APOLLOHOSP: name 'EMA_LENGTH' is not defined
2026-06-25 09:53:12,041 [WARNING] Scan error DRREDDY: name 'EMA_LENGTH' is not defined
2026-06-25 09:53:12,442 [WARNING] Scan error EICHERMOT: name 'EMA_LENGTH' is not defined
2026-06-25 09:53:12,844 [WARNING] Scan error HINDALCO: name 'EMA_LENGTH' is not defined
2026-06-25 09:53:13,245 [WARNING] Scan error UPL: name 'EMA_LENGTH' is not defined
2026-06-25 09:53:13,646 [WARNING] Scan error TATAMOTORS: name 'EMA_LENGTH' is not defined
2026-06-25 09:53:14,047 [WARNING] Scan error VEDL: name 'EMA_LENGTH' is not defined
2026-06-25 09:53:14,447 [WARNING] Scan error ADANIENT: name 'EMA_LENGTH' is not defined
2026-06-25 09:53:14,849 [WARNING] Scan error BAJAJFINSV: name 'EMA_LENGTH' is not defined
2026-06-25 09:53:15,249 [INFO] Scan complete | Positions: 0/5 | PnL: ₹0.00
2026-06-25 09:54:15,290 [WARNING] Scan error RELIANCE: name 'EMA_LENGTH' is not defined
2026-06-25 09:54:15,691 [WARNING] Scan error TCS: name 'EMA_LENGTH' is not defined
2026-06-25 09:54:16,092 [WARNING] Scan error HDFCBANK: name 'EMA_LENGTH' is not defined
2026-06-25 09:54:16,493 [WARNING] Scan error INFY: name 'EMA_LENGTH' is not defined
2026-06-25 09:54:16,894 [WARNING] Scan error ICICIBANK: name 'EMA_LENGTH' is not defined
2026-06-25 09:54:17,295 [WARNING] Scan error HINDUNILVR: name 'EMA_LENGTH' is not defined
2026-06-25 09:54:17,696 [WARNING] Scan error ITC: name 'EMA_LENGTH' is not defined
2026-06-25 09:54:18,097 [WARNING] Scan error SBIN: name 'EMA_LENGTH' is not defined
2026-06-25 09:54:18,498 [WARNING] Scan error BHARTIARTL: name 'EMA_LENGTH' is not defined
2026-06-25 09:54:18,899 [WARNING] Scan error KOTAKBANK: name 'EMA_LENGTH' is not defined
2026-06-25 09:54:19,300 [WARNING] Scan error LT: name 'EMA_LENGTH' is not defined
2026-06-25 09:54:19,701 [WARNING] Scan error AXISBANK: name 'EMA_LENGTH' is not defined
2026-06-25 09:54:20,102 [WARNING] Scan error ASIANPAINT: name 'EMA_LENGTH' is not defined
2026-06-25 09:54:20,504 [WARNING] Scan error MARUTI: name 'EMA_LENGTH' is not defined
2026-06-25 09:54:20,904 [WARNING] Scan error SUNPHARMA: name 'EMA_LENGTH' is not defined
2026-06-25 09:54:21,305 [WARNING] Scan error WIPRO: name 'EMA_LENGTH' is not defined
2026-06-25 09:54:21,706 [WARNING] Scan error ULTRACEMCO: name 'EMA_LENGTH' is not defined
2026-06-25 09:54:22,107 [WARNING] Scan error TITAN: name 'EMA_LENGTH' is not defined
2026-06-25 09:54:22,508 [WARNING] Scan error BAJFINANCE: name 'EMA_LENGTH' is not defined
2026-06-25 09:54:22,910 [WARNING] Scan error NESTLEIND: name 'EMA_LENGTH' is not defined
2026-06-25 09:54:23,311 [WARNING] Scan error HCLTECH: name 'EMA_LENGTH' is not defined
2026-06-25 09:54:23,712 [WARNING] Scan error POWERGRID: name 'EMA_LENGTH' is not defined
2026-06-25 09:54:24,113 [WARNING] Scan error NTPC: name 'EMA_LENGTH' is not defined
2026-06-25 09:54:24,515 [WARNING] Scan error TECHM: name 'EMA_LENGTH' is not defined
2026-06-25 09:54:24,916 [WARNING] Scan error INDUSINDBK: name 'EMA_LENGTH' is not defined
2026-06-25 09:54:25,317 [WARNING] Scan error M&M: name 'EMA_LENGTH' is not defined
2026-06-25 09:54:25,718 [WARNING] Scan error TATASTEEL: name 'EMA_LENGTH' is not defined
2026-06-25 09:54:26,119 [WARNING] Scan error BAJAJ-AUTO: name 'EMA_LENGTH' is not defined
2026-06-25 09:54:26,520 [WARNING] Scan error GRASIM: name 'EMA_LENGTH' is not defined
2026-06-25 09:54:26,921 [WARNING] Scan error ADANIPORTS: name 'EMA_LENGTH' is not defined
2026-06-25 09:54:27,322 [WARNING] Scan error ONGC: name 'EMA_LENGTH' is not defined
2026-06-25 09:54:27,723 [WARNING] Scan error COALINDIA: name 'EMA_LENGTH' is not defined
2026-06-25 09:54:28,124 [WARNING] Scan error JSWSTEEL: name 'EMA_LENGTH' is not defined
2026-06-25 09:54:28,525 [WARNING] Scan error BRITANNIA: name 'EMA_LENGTH' is not defined
2026-06-25 09:54:28,926 [WARNING] Scan error DIVISLAB: name 'EMA_LENGTH' is not defined
2026-06-25 09:54:29,327 [WARNING] Scan error CIPLA: name 'EMA_LENGTH' is not defined
2026-06-25 09:54:29,728 [WARNING] Scan error HDFCLIFE: name 'EMA_LENGTH' is not defined
2026-06-25 09:54:30,129 [WARNING] Scan error SBILIFE: name 'EMA_LENGTH' is not defined
2026-06-25 09:54:30,530 [WARNING] Scan error BPCL: name 'EMA_LENGTH' is not defined
2026-06-25 09:54:30,931 [WARNING] Scan error HEROMOTOCO: name 'EMA_LENGTH' is not defined
2026-06-25 09:54:31,332 [WARNING] Scan error TATACONSUM: name 'EMA_LENGTH' is not defined
2026-06-25 09:54:31,733 [WARNING] Scan error APOLLOHOSP: name 'EMA_LENGTH' is not defined
2026-06-25 09:54:32,134 [WARNING] Scan error DRREDDY: name 'EMA_LENGTH' is not defined
2026-06-25 09:54:32,536 [WARNING] Scan error EICHERMOT: name 'EMA_LENGTH' is not defined
2026-06-25 09:54:32,937 [WARNING] Scan error HINDALCO: name 'EMA_LENGTH' is not defined
2026-06-25 09:54:33,337 [WARNING] Scan error UPL: name 'EMA_LENGTH' is not defined
2026-06-25 09:54:33,738 [WARNING] Scan error TATAMOTORS: name 'EMA_LENGTH' is not defined
2026-06-25 09:54:34,139 [WARNING] Scan error VEDL: name 'EMA_LENGTH' is not defined
2026-06-25 09:54:34,541 [WARNING] Scan error ADANIENT: name 'EMA_LENGTH' is not defined
2026-06-25 09:54:34,942 [WARNING] Scan error BAJAJFINSV: name 'EMA_LENGTH' is not defined
2026-06-25 09:54:35,343 [INFO] Scan complete | Positions: 0/5 | PnL: ₹0.00
2026-06-25 09:55:35,402 [WARNING] Scan error RELIANCE: name 'EMA_LENGTH' is not defined
2026-06-25 09:55:35,803 [WARNING] Scan error TCS: name 'EMA_LENGTH' is not defined
2026-06-25 09:55:36,204 [WARNING] Scan error HDFCBANK: name 'EMA_LENGTH' is not defined
2026-06-25 09:55:36,605 [WARNING] Scan error INFY: name 'EMA_LENGTH' is not defined
2026-06-25 09:55:37,006 [WARNING] Scan error ICICIBANK: name 'EMA_LENGTH' is not defined
2026-06-25 09:55:37,407 [WARNING] Scan error HINDUNILVR: name 'EMA_LENGTH' is not defined
2026-06-25 09:55:37,808 [WARNING] Scan error ITC: name 'EMA_LENGTH' is not defined
2026-06-25 09:55:38,209 [WARNING] Scan error SBIN: name 'EMA_LENGTH' is not defined
2026-06-25 09:55:38,610 [WARNING] Scan error BHARTIARTL: name 'EMA_LENGTH' is not defined
2026-06-25 09:55:39,011 [WARNING] Scan error KOTAKBANK: name 'EMA_LENGTH' is not defined
2026-06-25 09:55:39,412 [WARNING] Scan error LT: name 'EMA_LENGTH' is not defined
2026-06-25 09:55:39,813 [WARNING] Scan error AXISBANK: name 'EMA_LENGTH' is not defined
2026-06-25 09:55:40,215 [WARNING] Scan error ASIANPAINT: name 'EMA_LENGTH' is not defined
2026-06-25 09:55:40,616 [WARNING] Scan error MARUTI: name 'EMA_LENGTH' is not defined
2026-06-25 09:55:41,016 [WARNING] Scan error SUNPHARMA: name 'EMA_LENGTH' is not defined
2026-06-25 09:55:41,417 [WARNING] Scan error WIPRO: name 'EMA_LENGTH' is not defined
2026-06-25 09:55:41,818 [WARNING] Scan error ULTRACEMCO: name 'EMA_LENGTH' is not defined
2026-06-25 09:55:42,219 [WARNING] Scan error TITAN: name 'EMA_LENGTH' is not defined
2026-06-25 09:55:42,620 [WARNING] Scan error BAJFINANCE: name 'EMA_LENGTH' is not defined
2026-06-25 09:55:43,021 [WARNING] Scan error NESTLEIND: name 'EMA_LENGTH' is not defined
2026-06-25 09:55:43,422 [WARNING] Scan error HCLTECH: name 'EMA_LENGTH' is not defined
2026-06-25 09:55:43,823 [WARNING] Scan error POWERGRID: name 'EMA_LENGTH' is not defined
2026-06-25 09:55:44,224 [WARNING] Scan error NTPC: name 'EMA_LENGTH' is not defined
2026-06-25 09:55:44,625 [WARNING] Scan error TECHM: name 'EMA_LENGTH' is not defined
2026-06-25 09:55:45,026 [WARNING] Scan error INDUSINDBK: name 'EMA_LENGTH' is not defined
2026-06-25 09:55:45,427 [WARNING] Scan error M&M: name 'EMA_LENGTH' is not defined
2026-06-25 09:55:45,828 [WARNING] Scan error TATASTEEL: name 'EMA_LENGTH' is not defined
2026-06-25 09:55:46,230 [WARNING] Scan error BAJAJ-AUTO: name 'EMA_LENGTH' is not defined
2026-06-25 09:55:46,631 [WARNING] Scan error GRASIM: name 'EMA_LENGTH' is not defined
2026-06-25 09:55:47,032 [WARNING] Scan error ADANIPORTS: name 'EMA_LENGTH' is not defined
2026-06-25 09:55:47,433 [WARNING] Scan error ONGC: name 'EMA_LENGTH' is not defined
2026-06-25 09:55:47,834 [WARNING] Scan error COALINDIA: name 'EMA_LENGTH' is not defined
2026-06-25 09:55:48,235 [WARNING] Scan error JSWSTEEL: name 'EMA_LENGTH' is not defined
2026-06-25 09:55:48,636 [WARNING] Scan error BRITANNIA: name 'EMA_LENGTH' is not defined
2026-06-25 09:55:49,037 [WARNING] Scan error DIVISLAB: name 'EMA_LENGTH' is not defined
2026-06-25 09:55:49,438 [WARNING] Scan error CIPLA: name 'EMA_LENGTH' is not defined
2026-06-25 09:55:49,839 [WARNING] Scan error HDFCLIFE: name 'EMA_LENGTH' is not defined
2026-06-25 09:55:50,240 [WARNING] Scan error SBILIFE: name 'EMA_LENGTH' is not defined
2026-06-25 09:55:50,641 [WARNING] Scan error BPCL: name 'EMA_LENGTH' is not defined
2026-06-25 09:55:51,042 [WARNING] Scan error HEROMOTOCO: name 'EMA_LENGTH' is not defined
2026-06-25 09:55:51,443 [WARNING] Scan error TATACONSUM: name 'EMA_LENGTH' is not defined
2026-06-25 09:55:51,844 [WARNING] Scan error APOLLOHOSP: name 'EMA_LENGTH' is not defined
2026-06-25 09:55:52,244 [WARNING] Scan error DRREDDY: name 'EMA_LENGTH' is not defined
2026-06-25 09:55:52,645 [WARNING] Scan error EICHERMOT: name 'EMA_LENGTH' is not defined
2026-06-25 09:55:53,046 [WARNING] Scan error HINDALCO: name 'EMA_LENGTH' is not defined
2026-06-25 09:55:53,447 [WARNING] Scan error UPL: name 'EMA_LENGTH' is not defined
2026-06-25 09:55:53,849 [WARNING] Scan error TATAMOTORS: name 'EMA_LENGTH' is not defined
2026-06-25 09:55:54,249 [WARNING] Scan error VEDL: name 'EMA_LENGTH' is not defined
2026-06-25 09:55:54,650 [WARNING] Scan error ADANIENT: name 'EMA_LENGTH' is not defined
2026-06-25 09:55:55,051 [WARNING] Scan error BAJAJFINSV: name 'EMA_LENGTH' is not defined
2026-06-25 09:55:55,452 [INFO] Scan complete | Positions: 0/5 | PnL: ₹0.00
2026-06-25 09:56:55,512 [WARNING] Scan error RELIANCE: name 'EMA_LENGTH' is not defined
2026-06-25 09:56:55,913 [WARNING] Scan error TCS: name 'EMA_LENGTH' is not defined
2026-06-25 09:56:56,314 [WARNING] Scan error HDFCBANK: name 'EMA_LENGTH' is not defined
2026-06-25 09:56:56,715 [WARNING] Scan error INFY: name 'EMA_LENGTH' is not defined
2026-06-25 09:56:57,116 [WARNING] Scan error ICICIBANK: name 'EMA_LENGTH' is not defined
2026-06-25 09:56:57,517 [WARNING] Scan error HINDUNILVR: name 'EMA_LENGTH' is not defined
2026-06-25 09:56:57,918 [WARNING] Scan error ITC: name 'EMA_LENGTH' is not defined
2026-06-25 09:56:58,319 [WARNING] Scan error SBIN: name 'EMA_LENGTH' is not defined
2026-06-25 09:56:58,720 [WARNING] Scan error BHARTIARTL: name 'EMA_LENGTH' is not defined
2026-06-25 09:56:59,121 [WARNING] Scan error KOTAKBANK: name 'EMA_LENGTH' is not defined
2026-06-25 09:56:59,522 [WARNING] Scan error LT: name 'EMA_LENGTH' is not defined
2026-06-25 09:56:59,923 [WARNING] Scan error AXISBANK: name 'EMA_LENGTH' is not defined
2026-06-25 09:57:00,324 [WARNING] Scan error ASIANPAINT: name 'EMA_LENGTH' is not defined
2026-06-25 09:57:00,725 [WARNING] Scan error MARUTI: name 'EMA_LENGTH' is not defined
2026-06-25 09:57:01,126 [WARNING] Scan error SUNPHARMA: name 'EMA_LENGTH' is not defined
2026-06-25 09:57:01,527 [WARNING] Scan error WIPRO: name 'EMA_LENGTH' is not defined
2026-06-25 09:57:01,928 [WARNING] Scan error ULTRACEMCO: name 'EMA_LENGTH' is not defined
2026-06-25 09:57:02,329 [WARNING] Scan error TITAN: name 'EMA_LENGTH' is not defined
2026-06-25 09:57:02,730 [WARNING] Scan error BAJFINANCE: name 'EMA_LENGTH' is not defined
2026-06-25 09:57:03,132 [WARNING] Scan error NESTLEIND: name 'EMA_LENGTH' is not defined
2026-06-25 09:57:03,532 [WARNING] Scan error HCLTECH: name 'EMA_LENGTH' is not defined
2026-06-25 09:57:03,933 [WARNING] Scan error POWERGRID: name 'EMA_LENGTH' is not defined
2026-06-25 09:57:04,334 [WARNING] Scan error NTPC: name 'EMA_LENGTH' is not defined
2026-06-25 09:57:04,736 [WARNING] Scan error TECHM: name 'EMA_LENGTH' is not defined
2026-06-25 09:57:05,137 [WARNING] Scan error INDUSINDBK: name 'EMA_LENGTH' is not defined
2026-06-25 09:57:05,538 [WARNING] Scan error M&M: name 'EMA_LENGTH' is not defined
2026-06-25 09:57:05,939 [WARNING] Scan error TATASTEEL: name 'EMA_LENGTH' is not defined
2026-06-25 09:57:06,340 [WARNING] Scan error BAJAJ-AUTO: name 'EMA_LENGTH' is not defined
2026-06-25 09:57:06,741 [WARNING] Scan error GRASIM: name 'EMA_LENGTH' is not defined
2026-06-25 09:57:07,142 [WARNING] Scan error ADANIPORTS: name 'EMA_LENGTH' is not defined
2026-06-25 09:57:07,543 [WARNING] Scan error ONGC: name 'EMA_LENGTH' is not defined
2026-06-25 09:57:07,944 [WARNING] Scan error COALINDIA: name 'EMA_LENGTH' is not defined
2026-06-25 09:57:08,345 [WARNING] Scan error JSWSTEEL: name 'EMA_LENGTH' is not defined
2026-06-25 09:57:08,746 [WARNING] Scan error BRITANNIA: name 'EMA_LENGTH' is not defined
2026-06-25 09:57:09,147 [WARNING] Scan error DIVISLAB: name 'EMA_LENGTH' is not defined
2026-06-25 09:57:09,548 [WARNING] Scan error CIPLA: name 'EMA_LENGTH' is not defined
2026-06-25 09:57:09,950 [WARNING] Scan error HDFCLIFE: name 'EMA_LENGTH' is not defined
2026-06-25 09:57:10,351 [WARNING] Scan error SBILIFE: name 'EMA_LENGTH' is not defined
2026-06-25 09:57:10,752 [WARNING] Scan error BPCL: name 'EMA_LENGTH' is not defined
2026-06-25 09:57:11,153 [WARNING] Scan error HEROMOTOCO: name 'EMA_LENGTH' is not defined
2026-06-25 09:57:11,554 [WARNING] Scan error TATACONSUM: name 'EMA_LENGTH' is not defined
2026-06-25 09:57:11,955 [WARNING] Scan error APOLLOHOSP: name 'EMA_LENGTH' is not defined
2026-06-25 09:57:12,356 [WARNING] Scan error DRREDDY: name 'EMA_LENGTH' is not defined
2026-06-25 09:57:12,757 [WARNING] Scan error EICHERMOT: name 'EMA_LENGTH' is not defined
2026-06-25 09:57:13,158 [WARNING] Scan error HINDALCO: name 'EMA_LENGTH' is not defined
2026-06-25 09:57:13,559 [WARNING] Scan error UPL: name 'EMA_LENGTH' is not defined
2026-06-25 09:57:13,960 [WARNING] Scan error TATAMOTORS: name 'EMA_LENGTH' is not defined
2026-06-25 09:57:14,361 [WARNING] Scan error VEDL: name 'EMA_LENGTH' is not defined
2026-06-25 09:57:14,762 [WARNING] Scan error ADANIENT: name 'EMA_LENGTH' is not defined
2026-06-25 09:57:15,163 [WARNING] Scan error BAJAJFINSV: name 'EMA_LENGTH' is not defined
2026-06-25 09:57:15,564 [INFO] Scan complete | Positions: 0/5 | PnL: ₹0.00
2026-06-25 09:58:15,592 [WARNING] Scan error RELIANCE: name 'EMA_LENGTH' is not defined
2026-06-25 09:58:15,994 [WARNING] Scan error TCS: name 'EMA_LENGTH' is not defined
2026-06-25 09:58:16,395 [WARNING] Scan error HDFCBANK: name 'EMA_LENGTH' is not defined
2026-06-25 09:58:16,796 [WARNING] Scan error INFY: name 'EMA_LENGTH' is not defined
2026-06-25 09:58:17,197 [WARNING] Scan error ICICIBANK: name 'EMA_LENGTH' is not defined
2026-06-25 09:58:17,598 [WARNING] Scan error HINDUNILVR: name 'EMA_LENGTH' is not defined
2026-06-25 09:58:17,999 [WARNING] Scan error ITC: name 'EMA_LENGTH' is not defined
2026-06-25 09:58:18,400 [WARNING] Scan error SBIN: name 'EMA_LENGTH' is not defined
2026-06-25 09:58:18,801 [WARNING] Scan error BHARTIARTL: name 'EMA_LENGTH' is not defined
2026-06-25 09:58:19,203 [WARNING] Scan error KOTAKBANK: name 'EMA_LENGTH' is not defined
2026-06-25 09:58:19,603 [WARNING] Scan error LT: name 'EMA_LENGTH' is not defined
2026-06-25 09:58:20,004 [WARNING] Scan error AXISBANK: name 'EMA_LENGTH' is not defined
2026-06-25 09:58:20,405 [WARNING] Scan error ASIANPAINT: name 'EMA_LENGTH' is not defined
2026-06-25 09:58:20,806 [WARNING] Scan error MARUTI: name 'EMA_LENGTH' is not defined
2026-06-25 09:58:21,208 [WARNING] Scan error SUNPHARMA: name 'EMA_LENGTH' is not defined
2026-06-25 09:58:21,608 [WARNING] Scan error WIPRO: name 'EMA_LENGTH' is not defined
2026-06-25 09:58:22,009 [WARNING] Scan error ULTRACEMCO: name 'EMA_LENGTH' is not defined
2026-06-25 09:58:22,410 [WARNING] Scan error TITAN: name 'EMA_LENGTH' is not defined
2026-06-25 09:58:22,812 [WARNING] Scan error BAJFINANCE: name 'EMA_LENGTH' is not defined
2026-06-25 09:58:23,213 [WARNING] Scan error NESTLEIND: name 'EMA_LENGTH' is not defined
2026-06-25 09:58:23,614 [WARNING] Scan error HCLTECH: name 'EMA_LENGTH' is not defined
2026-06-25 09:58:24,015 [WARNING] Scan error POWERGRID: name 'EMA_LENGTH' is not defined
2026-06-25 09:58:24,416 [WARNING] Scan error NTPC: name 'EMA_LENGTH' is not defined
2026-06-25 09:58:24,817 [WARNING] Scan error TECHM: name 'EMA_LENGTH' is not defined
2026-06-25 09:58:25,218 [WARNING] Scan error INDUSINDBK: name 'EMA_LENGTH' is not defined
2026-06-25 09:58:25,619 [WARNING] Scan error M&M: name 'EMA_LENGTH' is not defined
2026-06-25 09:58:26,020 [WARNING] Scan error TATASTEEL: name 'EMA_LENGTH' is not defined
2026-06-25 09:58:26,421 [WARNING] Scan error BAJAJ-AUTO: name 'EMA_LENGTH' is not defined
2026-06-25 09:58:26,822 [WARNING] Scan error GRASIM: name 'EMA_LENGTH' is not defined
2026-06-25 09:58:27,223 [WARNING] Scan error ADANIPORTS: name 'EMA_LENGTH' is not defined
2026-06-25 09:58:27,624 [WARNING] Scan error ONGC: name 'EMA_LENGTH' is not defined
2026-06-25 09:58:28,025 [WARNING] Scan error COALINDIA: name 'EMA_LENGTH' is not defined
2026-06-25 09:58:28,427 [WARNING] Scan error JSWSTEEL: name 'EMA_LENGTH' is not defined
2026-06-25 09:58:28,828 [WARNING] Scan error BRITANNIA: name 'EMA_LENGTH' is not defined
2026-06-25 09:58:29,229 [WARNING] Scan error DIVISLAB: name 'EMA_LENGTH' is not defined
2026-06-25 09:58:29,630 [WARNING] Scan error CIPLA: name 'EMA_LENGTH' is not defined
2026-06-25 09:58:30,031 [WARNING] Scan error HDFCLIFE: name 'EMA_LENGTH' is not defined
2026-06-25 09:58:30,432 [WARNING] Scan error SBILIFE: name 'EMA_LENGTH' is not defined
2026-06-25 09:58:30,833 [WARNING] Scan error BPCL: name 'EMA_LENGTH' is not defined
2026-06-25 09:58:31,234 [WARNING] Scan error HEROMOTOCO: name 'EMA_LENGTH' is not defined
2026-06-25 09:58:31,635 [WARNING] Scan error TATACONSUM: name 'EMA_LENGTH' is not defined
2026-06-25 09:58:32,036 [WARNING] Scan error APOLLOHOSP: name 'EMA_LENGTH' is not defined
2026-06-25 09:58:32,437 [WARNING] Scan error DRREDDY: name 'EMA_LENGTH' is not defined
2026-06-25 09:58:32,838 [WARNING] Scan error EICHERMOT: name 'EMA_LENGTH' is not defined
2026-06-25 09:58:33,240 [WARNING] Scan error HINDALCO: name 'EMA_LENGTH' is not defined
2026-06-25 09:58:33,641 [WARNING] Scan error UPL: name 'EMA_LENGTH' is not defined
2026-06-25 09:58:34,042 [WARNING] Scan error TATAMOTORS: name 'EMA_LENGTH' is not defined
2026-06-25 09:58:34,443 [WARNING] Scan error VEDL: name 'EMA_LENGTH' is not defined
2026-06-25 09:58:34,844 [WARNING] Scan error ADANIENT: name 'EMA_LENGTH' is not defined
2026-06-25 09:58:35,245 [WARNING] Scan error BAJAJFINSV: name 'EMA_LENGTH' is not defined
2026-06-25 09:58:35,646 [INFO] Scan complete | Positions: 0/5 | PnL: ₹0.00
2026-06-25 09:59:35,664 [WARNING] Scan error RELIANCE: name 'EMA_LENGTH' is not defined
2026-06-25 09:59:36,065 [WARNING] Scan error TCS: name 'EMA_LENGTH' is not defined
2026-06-25 09:59:36,466 [WARNING] Scan error HDFCBANK: name 'EMA_LENGTH' is not defined
2026-06-25 09:59:36,867 [WARNING] Scan error INFY: name 'EMA_LENGTH' is not defined
2026-06-25 09:59:37,268 [WARNING] Scan error ICICIBANK: name 'EMA_LENGTH' is not defined
2026-06-25 09:59:37,669 [WARNING] Scan error HINDUNILVR: name 'EMA_LENGTH' is not defined
2026-06-25 09:59:38,070 [WARNING] Scan error ITC: name 'EMA_LENGTH' is not defined
2026-06-25 09:59:38,471 [WARNING] Scan error SBIN: name 'EMA_LENGTH' is not defined
2026-06-25 09:59:38,872 [WARNING] Scan error BHARTIARTL: name 'EMA_LENGTH' is not defined
2026-06-25 09:59:39,273 [WARNING] Scan error KOTAKBANK: name 'EMA_LENGTH' is not defined
2026-06-25 09:59:39,674 [WARNING] Scan error LT: name 'EMA_LENGTH' is not defined
2026-06-25 09:59:40,075 [WARNING] Scan error AXISBANK: name 'EMA_LENGTH' is not defined
2026-06-25 09:59:40,475 [WARNING] Scan error ASIANPAINT: name 'EMA_LENGTH' is not defined
2026-06-25 09:59:40,876 [WARNING] Scan error MARUTI: name 'EMA_LENGTH' is not defined
2026-06-25 09:59:41,277 [WARNING] Scan error SUNPHARMA: name 'EMA_LENGTH' is not defined
2026-06-25 09:59:41,678 [WARNING] Scan error WIPRO: name 'EMA_LENGTH' is not defined
2026-06-25 09:59:42,079 [WARNING] Scan error ULTRACEMCO: name 'EMA_LENGTH' is not defined
2026-06-25 09:59:42,480 [WARNING] Scan error TITAN: name 'EMA_LENGTH' is not defined
2026-06-25 09:59:42,881 [WARNING] Scan error BAJFINANCE: name 'EMA_LENGTH' is not defined
2026-06-25 09:59:43,282 [WARNING] Scan error NESTLEIND: name 'EMA_LENGTH' is not defined
2026-06-25 09:59:43,683 [WARNING] Scan error HCLTECH: name 'EMA_LENGTH' is not defined
2026-06-25 09:59:44,084 [WARNING] Scan error POWERGRID: name 'EMA_LENGTH' is not defined
2026-06-25 09:59:44,485 [WARNING] Scan error NTPC: name 'EMA_LENGTH' is not defined
2026-06-25 09:59:44,885 [WARNING] Scan error TECHM: name 'EMA_LENGTH' is not defined
2026-06-25 09:59:45,286 [WARNING] Scan error INDUSINDBK: name 'EMA_LENGTH' is not defined
2026-06-25 09:59:45,687 [WARNING] Scan error M&M: name 'EMA_LENGTH' is not defined
2026-06-25 09:59:46,088 [WARNING] Scan error TATASTEEL: name 'EMA_LENGTH' is not defined
2026-06-25 09:59:46,489 [WARNING] Scan error BAJAJ-AUTO: name 'EMA_LENGTH' is not defined
2026-06-25 09:59:46,890 [WARNING] Scan error GRASIM: name 'EMA_LENGTH' is not defined
2026-06-25 09:59:47,291 [WARNING] Scan error ADANIPORTS: name 'EMA_LENGTH' is not defined
2026-06-25 09:59:47,692 [WARNING] Scan error ONGC: name 'EMA_LENGTH' is not defined
2026-06-25 09:59:48,093 [WARNING] Scan error COALINDIA: name 'EMA_LENGTH' is not defined
2026-06-25 09:59:48,494 [WARNING] Scan error JSWSTEEL: name 'EMA_LENGTH' is not defined
2026-06-25 09:59:48,895 [WARNING] Scan error BRITANNIA: name 'EMA_LENGTH' is not defined
2026-06-25 09:59:49,296 [WARNING] Scan error DIVISLAB: name 'EMA_LENGTH' is not defined
2026-06-25 09:59:49,697 [WARNING] Scan error CIPLA: name 'EMA_LENGTH' is not defined
2026-06-25 09:59:50,098 [WARNING] Scan error HDFCLIFE: name 'EMA_LENGTH' is not defined
2026-06-25 09:59:50,499 [WARNING] Scan error SBILIFE: name 'EMA_LENGTH' is not defined
2026-06-25 09:59:50,900 [WARNING] Scan error BPCL: name 'EMA_LENGTH' is not defined
2026-06-25 09:59:51,301 [WARNING] Scan error HEROMOTOCO: name 'EMA_LENGTH' is not defined
2026-06-25 09:59:51,702 [WARNING] Scan error TATACONSUM: name 'EMA_LENGTH' is not defined
2026-06-25 09:59:52,103 [WARNING] Scan error APOLLOHOSP: name 'EMA_LENGTH' is not defined
2026-06-25 09:59:52,504 [WARNING] Scan error DRREDDY: name 'EMA_LENGTH' is not defined
2026-06-25 09:59:52,905 [WARNING] Scan error EICHERMOT: name 'EMA_LENGTH' is not defined
2026-06-25 09:59:53,306 [WARNING] Scan error HINDALCO: name 'EMA_LENGTH' is not defined
2026-06-25 09:59:53,707 [WARNING] Scan error UPL: name 'EMA_LENGTH' is not defined
2026-06-25 09:59:54,107 [WARNING] Scan error TATAMOTORS: name 'EMA_LENGTH' is not defined
2026-06-25 09:59:54,508 [WARNING] Scan error VEDL: name 'EMA_LENGTH' is not defined
2026-06-25 09:59:54,909 [WARNING] Scan error ADANIENT: name 'EMA_LENGTH' is not defined
2026-06-25 09:59:55,310 [WARNING] Scan error BAJAJFINSV: name 'EMA_LENGTH' is not defined
2026-06-25 09:59:55,711 [INFO] Scan complete | Positions: 0/5 | PnL: ₹0.00
2026-06-25 11:17:02,179 [WARNING] Scan error RELIANCE: name 'EMA_LENGTH' is not defined
2026-06-25 11:17:02,582 [WARNING] Scan error TCS: name 'EMA_LENGTH' is not defined
2026-06-25 11:17:02,983 [WARNING] Scan error HDFCBANK: name 'EMA_LENGTH' is not defined
2026-06-25 11:17:03,384 [WARNING] Scan error INFY: name 'EMA_LENGTH' is not defined
2026-06-25 11:17:03,785 [WARNING] Scan error ICICIBANK: name 'EMA_LENGTH' is not defined
2026-06-25 11:17:04,186 [WARNING] Scan error HINDUNILVR: name 'EMA_LENGTH' is not defined
2026-06-25 11:17:04,587 [WARNING] Scan error ITC: name 'EMA_LENGTH' is not defined
2026-06-25 11:17:04,988 [WARNING] Scan error SBIN: name 'EMA_LENGTH' is not defined
2026-06-25 11:17:05,390 [WARNING] Scan error BHARTIARTL: name 'EMA_LENGTH' is not defined
2026-06-25 11:17:05,791 [WARNING] Scan error KOTAKBANK: name 'EMA_LENGTH' is not defined
2026-06-25 11:17:06,192 [WARNING] Scan error LT: name 'EMA_LENGTH' is not defined
2026-06-25 11:17:06,593 [WARNING] Scan error AXISBANK: name 'EMA_LENGTH' is not defined
2026-06-25 11:17:06,994 [WARNING] Scan error ASIANPAINT: name 'EMA_LENGTH' is not defined
2026-06-25 11:17:07,395 [WARNING] Scan error MARUTI: name 'EMA_LENGTH' is not defined
2026-06-25 11:17:07,796 [WARNING] Scan error SUNPHARMA: name 'EMA_LENGTH' is not defined
2026-06-25 11:17:08,197 [WARNING] Scan error WIPRO: name 'EMA_LENGTH' is not defined
2026-06-25 11:17:08,598 [WARNING] Scan error ULTRACEMCO: name 'EMA_LENGTH' is not defined
2026-06-25 11:17:08,999 [WARNING] Scan error TITAN: name 'EMA_LENGTH' is not defined
2026-06-25 11:17:09,400 [WARNING] Scan error BAJFINANCE: name 'EMA_LENGTH' is not defined
2026-06-25 11:17:09,801 [WARNING] Scan error NESTLEIND: name 'EMA_LENGTH' is not defined
2026-06-25 11:17:10,202 [WARNING] Scan error HCLTECH: name 'EMA_LENGTH' is not defined
2026-06-25 11:17:10,604 [WARNING] Scan error POWERGRID: name 'EMA_LENGTH' is not defined
2026-06-25 11:17:11,005 [WARNING] Scan error NTPC: name 'EMA_LENGTH' is not defined
2026-06-25 11:17:11,406 [WARNING] Scan error TECHM: name 'EMA_LENGTH' is not defined
2026-06-25 11:17:11,807 [WARNING] Scan error INDUSINDBK: name 'EMA_LENGTH' is not defined
2026-06-25 11:17:12,209 [WARNING] Scan error M&M: name 'EMA_LENGTH' is not defined
2026-06-25 11:17:12,610 [WARNING] Scan error TATASTEEL: name 'EMA_LENGTH' is not defined
2026-06-25 11:17:13,011 [WARNING] Scan error BAJAJ-AUTO: name 'EMA_LENGTH' is not defined
2026-06-25 11:17:13,412 [WARNING] Scan error GRASIM: name 'EMA_LENGTH' is not defined
2026-06-25 11:17:13,813 [WARNING] Scan error ADANIPORTS: name 'EMA_LENGTH' is not defined
2026-06-25 11:17:14,214 [WARNING] Scan error ONGC: name 'EMA_LENGTH' is not defined
2026-06-25 11:17:14,616 [WARNING] Scan error COALINDIA: name 'EMA_LENGTH' is not defined
2026-06-25 11:17:15,017 [WARNING] Scan error JSWSTEEL: name 'EMA_LENGTH' is not defined
2026-06-25 11:17:15,418 [WARNING] Scan error BRITANNIA: name 'EMA_LENGTH' is not defined
2026-06-25 11:31:43,886 [INFO] 🚀 WickFill Auto-Trader v2 — Zerodha Kite
2026-06-25 11:31:43,887 [INFO] Mode: 📝 PAPER TRADING
2026-06-25 11:31:43,887 [INFO] Capital per trade: ₹5,000.0
2026-06-25 11:31:43,888 [INFO] ✅ Connected to Zerodha Kite using ACCESS_TOKEN
2026-06-25 11:31:43,890 [INFO] 🔍 Starting scan loop…
2026-06-25 11:31:43,890 [WARNING] Scan error RELIANCE: name 'EMA_LENGTH' is not defined
2026-06-25 11:31:44,129 [INFO] [31m[1mWARNING: This is a development server. Do not use it in a production deployment. Use a production WSGI server instead.[0m
 * Running on all addresses (0.0.0.0)
 * Running on http://127.0.0.1:5000
 * Running on http://192.168.1.23:5000
2026-06-25 11:31:44,129 [INFO] [33mPress CTRL+C to quit[0m
2026-06-25 11:31:44,291 [WARNING] Scan error TCS: name 'EMA_LENGTH' is not defined
2026-06-25 11:31:44,692 [WARNING] Scan error HDFCBANK: name 'EMA_LENGTH' is not defined
2026-06-25 11:31:45,093 [WARNING] Scan error INFY: name 'EMA_LENGTH' is not defined
2026-06-25 11:31:45,494 [WARNING] Scan error ICICIBANK: name 'EMA_LENGTH' is not defined
2026-06-25 11:31:45,895 [WARNING] Scan error HINDUNILVR: name 'EMA_LENGTH' is not defined
2026-06-25 11:31:46,296 [WARNING] Scan error ITC: name 'EMA_LENGTH' is not defined
2026-06-25 11:31:46,697 [WARNING] Scan error SBIN: name 'EMA_LENGTH' is not defined
2026-06-25 11:31:47,098 [WARNING] Scan error BHARTIARTL: name 'EMA_LENGTH' is not defined
2026-06-25 11:31:47,499 [WARNING] Scan error KOTAKBANK: name 'EMA_LENGTH' is not defined
2026-06-25 11:31:47,900 [WARNING] Scan error LT: name 'EMA_LENGTH' is not defined
2026-06-25 11:31:48,301 [WARNING] Scan error AXISBANK: name 'EMA_LENGTH' is not defined
2026-06-25 11:31:48,702 [WARNING] Scan error ASIANPAINT: name 'EMA_LENGTH' is not defined
2026-06-25 11:31:49,103 [WARNING] Scan error MARUTI: name 'EMA_LENGTH' is not defined
2026-06-25 11:31:49,504 [WARNING] Scan error SUNPHARMA: name 'EMA_LENGTH' is not defined
2026-06-25 11:31:49,905 [WARNING] Scan error WIPRO: name 'EMA_LENGTH' is not defined
2026-06-25 11:31:50,306 [WARNING] Scan error ULTRACEMCO: name 'EMA_LENGTH' is not defined
2026-06-25 11:31:50,706 [WARNING] Scan error TITAN: name 'EMA_LENGTH' is not defined
2026-06-25 11:31:51,108 [WARNING] Scan error BAJFINANCE: name 'EMA_LENGTH' is not defined
2026-06-25 11:31:51,508 [WARNING] Scan error NESTLEIND: name 'EMA_LENGTH' is not defined
2026-06-25 11:31:51,910 [WARNING] Scan error HCLTECH: name 'EMA_LENGTH' is not defined
2026-06-25 11:31:52,311 [WARNING] Scan error POWERGRID: name 'EMA_LENGTH' is not defined
2026-06-25 11:31:52,711 [WARNING] Scan error NTPC: name 'EMA_LENGTH' is not defined
2026-06-25 11:31:53,112 [WARNING] Scan error TECHM: name 'EMA_LENGTH' is not defined
2026-06-25 11:31:53,513 [WARNING] Scan error INDUSINDBK: name 'EMA_LENGTH' is not defined
2026-06-25 11:31:53,915 [WARNING] Scan error M&M: name 'EMA_LENGTH' is not defined
2026-06-25 11:31:54,316 [WARNING] Scan error TATASTEEL: name 'EMA_LENGTH' is not defined
2026-06-25 11:31:54,716 [WARNING] Scan error BAJAJ-AUTO: name 'EMA_LENGTH' is not defined
2026-06-25 11:31:55,118 [WARNING] Scan error GRASIM: name 'EMA_LENGTH' is not defined
2026-06-25 11:31:55,519 [WARNING] Scan error ADANIPORTS: name 'EMA_LENGTH' is not defined
2026-06-25 11:31:55,920 [WARNING] Scan error ONGC: name 'EMA_LENGTH' is not defined
2026-06-25 11:31:56,321 [WARNING] Scan error COALINDIA: name 'EMA_LENGTH' is not defined
2026-06-25 11:31:56,722 [WARNING] Scan error JSWSTEEL: name 'EMA_LENGTH' is not defined
2026-06-25 11:35:26,658 [INFO] 🚀 WickFill Auto-Trader v2 — Zerodha Kite
2026-06-25 11:35:26,659 [INFO] Mode: 📝 PAPER TRADING
2026-06-25 11:35:26,659 [INFO] Capital per trade: ₹5,000.0
2026-06-25 11:35:26,659 [INFO] ✅ Connected to Zerodha Kite using ACCESS_TOKEN
2026-06-25 11:35:26,661 [INFO] 🔍 Starting scan loop…
2026-06-25 11:35:26,816 [INFO] [31m[1mWARNING: This is a development server. Do not use it in a production deployment. Use a production WSGI server instead.[0m
 * Running on all addresses (0.0.0.0)
 * Running on http://127.0.0.1:5000
 * Running on http://192.168.1.23:5000
2026-06-25 11:35:26,817 [INFO] [33mPress CTRL+C to quit[0m
2026-06-25 11:35:27,000 [INFO] Loaded 9861 NSE instruments
2026-06-25 11:35:27,047 [WARNING] Candle fetch error RELIANCE: Insufficient permission for that call.
2026-06-25 11:35:27,091 [WARNING] Candle fetch error TCS: Insufficient permission for that call.
2026-06-25 11:35:27,134 [WARNING] Candle fetch error HDFCBANK: Insufficient permission for that call.
2026-06-25 11:35:27,176 [WARNING] Candle fetch error INFY: Insufficient permission for that call.
2026-06-25 11:35:27,223 [WARNING] Candle fetch error ICICIBANK: Insufficient permission for that call.
2026-06-25 11:35:27,269 [WARNING] Candle fetch error HINDUNILVR: Insufficient permission for that call.
2026-06-25 11:35:27,311 [WARNING] Candle fetch error ITC: Insufficient permission for that call.
2026-06-25 11:35:27,355 [WARNING] Candle fetch error SBIN: Insufficient permission for that call.
2026-06-25 11:35:27,397 [WARNING] Candle fetch error BHARTIARTL: Insufficient permission for that call.
2026-06-25 11:35:27,441 [WARNING] Candle fetch error KOTAKBANK: Insufficient permission for that call.
2026-06-25 11:35:27,487 [WARNING] Candle fetch error LT: Insufficient permission for that call.
2026-06-25 11:35:27,531 [WARNING] Candle fetch error AXISBANK: Insufficient permission for that call.
2026-06-25 11:35:27,576 [WARNING] Candle fetch error ASIANPAINT: Insufficient permission for that call.
2026-06-25 11:35:27,619 [WARNING] Candle fetch error MARUTI: Insufficient permission for that call.
2026-06-25 11:35:27,662 [WARNING] Candle fetch error SUNPHARMA: Insufficient permission for that call.
2026-06-25 11:35:27,705 [WARNING] Candle fetch error WIPRO: Insufficient permission for that call.
2026-06-25 11:35:27,750 [WARNING] Candle fetch error ULTRACEMCO: Insufficient permission for that call.
2026-06-25 11:35:27,794 [WARNING] Candle fetch error TITAN: Insufficient permission for that call.
2026-06-25 11:35:27,835 [WARNING] Candle fetch error BAJFINANCE: Insufficient permission for that call.
2026-06-25 11:35:27,879 [WARNING] Candle fetch error NESTLEIND: Insufficient permission for that call.
2026-06-25 11:35:30,919 [WARNING] Candle fetch error HCLTECH: Too many requests
2026-06-25 11:35:30,961 [WARNING] Candle fetch error POWERGRID: Insufficient permission for that call.
2026-06-25 11:35:31,003 [WARNING] Candle fetch error NTPC: Insufficient permission for that call.
2026-06-25 11:35:31,047 [WARNING] Candle fetch error TECHM: Insufficient permission for that call.
2026-06-25 11:35:31,093 [WARNING] Candle fetch error INDUSINDBK: Insufficient permission for that call.
2026-06-25 11:35:31,137 [WARNING] Candle fetch error M&M: Insufficient permission for that call.
2026-06-25 11:35:31,182 [WARNING] Candle fetch error TATASTEEL: Insufficient permission for that call.
2026-06-25 11:35:31,224 [WARNING] Candle fetch error BAJAJ-AUTO: Insufficient permission for that call.
2026-06-25 11:35:31,269 [WARNING] Candle fetch error GRASIM: Insufficient permission for that call.
2026-06-25 11:35:31,312 [WARNING] Candle fetch error ADANIPORTS: Insufficient permission for that call.
2026-06-25 11:35:31,355 [WARNING] Candle fetch error ONGC: Insufficient permission for that call.
2026-06-25 11:35:31,397 [WARNING] Candle fetch error COALINDIA: Insufficient permission for that call.
2026-06-25 11:35:31,439 [WARNING] Candle fetch error JSWSTEEL: Insufficient permission for that call.
2026-06-25 11:35:31,481 [WARNING] Candle fetch error BRITANNIA: Insufficient permission for that call.
2026-06-25 11:35:31,523 [WARNING] Candle fetch error DIVISLAB: Insufficient permission for that call.
2026-06-25 11:35:31,568 [WARNING] Candle fetch error CIPLA: Insufficient permission for that call.
2026-06-25 11:35:31,612 [WARNING] Candle fetch error HDFCLIFE: Insufficient permission for that call.
2026-06-25 11:35:31,653 [WARNING] Candle fetch error SBILIFE: Insufficient permission for that call.
2026-06-25 11:35:31,699 [WARNING] Candle fetch error BPCL: Insufficient permission for that call.
2026-06-25 11:35:31,744 [WARNING] Candle fetch error HEROMOTOCO: Insufficient permission for that call.
2026-06-25 11:35:31,786 [WARNING] Candle fetch error TATACONSUM: Insufficient permission for that call.
2026-06-25 11:35:34,831 [WARNING] Candle fetch error APOLLOHOSP: Too many requests
2026-06-25 11:36:54,078 [INFO] 🚀 WickFill Auto-Trader v2 — Zerodha Kite
2026-06-25 11:36:54,078 [INFO] Mode: 📝 PAPER TRADING
2026-06-25 11:36:54,078 [INFO] Capital per trade: ₹5,000.0
2026-06-25 11:36:54,078 [INFO] ✅ Connected to Zerodha Kite using ACCESS_TOKEN
2026-06-25 11:36:54,080 [INFO] 🔍 Starting scan loop…
2026-06-25 11:36:54,218 [INFO] [31m[1mWARNING: This is a development server. Do not use it in a production deployment. Use a production WSGI server instead.[0m
 * Running on all addresses (0.0.0.0)
 * Running on http://127.0.0.1:5000
 * Running on http://192.168.1.23:5000
2026-06-25 11:36:54,218 [INFO] [33mPress CTRL+C to quit[0m
2026-06-25 11:36:54,408 [INFO] Loaded 9861 NSE instruments
2026-06-25 11:36:54,455 [WARNING] Candle fetch error RELIANCE: Insufficient permission for that call.
2026-06-25 11:36:54,500 [WARNING] Candle fetch error TCS: Insufficient permission for that call.
2026-06-25 11:36:54,544 [WARNING] Candle fetch error HDFCBANK: Insufficient permission for that call.
2026-06-25 11:36:54,587 [WARNING] Candle fetch error INFY: Insufficient permission for that call.
2026-06-25 11:36:54,630 [WARNING] Candle fetch error ICICIBANK: Insufficient permission for that call.
2026-06-25 11:36:54,679 [WARNING] Candle fetch error HINDUNILVR: Insufficient permission for that call.
2026-06-25 11:36:54,722 [WARNING] Candle fetch error ITC: Insufficient permission for that call.
2026-06-25 11:36:54,763 [WARNING] Candle fetch error SBIN: Insufficient permission for that call.
2026-06-25 11:36:54,808 [WARNING] Candle fetch error BHARTIARTL: Insufficient permission for that call.
2026-06-25 11:36:54,848 [WARNING] Candle fetch error KOTAKBANK: Insufficient permission for that call.
2026-06-25 11:36:54,891 [WARNING] Candle fetch error LT: Insufficient permission for that call.
2026-06-25 11:36:54,935 [WARNING] Candle fetch error AXISBANK: Insufficient permission for that call.
2026-06-25 11:36:54,979 [WARNING] Candle fetch error ASIANPAINT: Insufficient permission for that call.
2026-06-25 11:36:55,022 [WARNING] Candle fetch error MARUTI: Insufficient permission for that call.
2026-06-25 11:36:55,065 [WARNING] Candle fetch error SUNPHARMA: Insufficient permission for that call.
2026-06-25 11:36:55,106 [WARNING] Candle fetch error WIPRO: Insufficient permission for that call.
2026-06-25 11:36:55,149 [WARNING] Candle fetch error ULTRACEMCO: Insufficient permission for that call.
2026-06-25 11:36:55,194 [WARNING] Candle fetch error TITAN: Insufficient permission for that call.
2026-06-25 11:36:55,236 [WARNING] Candle fetch error BAJFINANCE: Insufficient permission for that call.
2026-06-25 11:36:55,281 [WARNING] Candle fetch error NESTLEIND: Insufficient permission for that call.
2026-06-25 11:36:58,323 [WARNING] Candle fetch error HCLTECH: Too many requests
2026-06-25 11:36:58,367 [WARNING] Candle fetch error POWERGRID: Insufficient permission for that call.
2026-06-25 11:36:58,410 [WARNING] Candle fetch error NTPC: Insufficient permission for that call.
2026-06-25 11:36:58,453 [WARNING] Candle fetch error TECHM: Insufficient permission for that call.
2026-06-25 11:36:58,501 [WARNING] Candle fetch error INDUSINDBK: Insufficient permission for that call.
2026-06-25 11:36:58,544 [WARNING] Candle fetch error M&M: Insufficient permission for that call.
2026-06-25 11:36:58,585 [WARNING] Candle fetch error TATASTEEL: Insufficient permission for that call.
2026-06-25 11:36:58,628 [WARNING] Candle fetch error BAJAJ-AUTO: Insufficient permission for that call.
2026-06-25 11:36:58,670 [WARNING] Candle fetch error GRASIM: Insufficient permission for that call.
2026-06-25 11:36:58,715 [WARNING] Candle fetch error ADANIPORTS: Insufficient permission for that call.
2026-06-25 11:42:56,870 [INFO] 🚀 WickFill Auto-Trader v2 — Zerodha Kite
2026-06-25 11:42:56,870 [INFO] Mode           : 📝 PAPER TRADING
2026-06-25 11:42:56,870 [INFO] Capital/trade  : ₹5,000.0
2026-06-25 11:42:56,870 [INFO] EMA Length     : 200
2026-06-25 11:42:56,870 [INFO] Min Wick %     : 40
2026-06-25 11:42:56,870 [INFO] Risk:Reward    : 1:2.0
2026-06-25 11:42:56,871 [INFO] Max Positions  : 5
2026-06-25 11:42:56,871 [ERROR] Kite connection error: object of type 'NoneType' has no len()
2026-06-25 11:42:56,871 [WARNING] Initial connection failed — will retry in scan loop
2026-06-25 11:42:56,873 [INFO] 🔍 Scan loop started
2026-06-25 11:42:56,873 [INFO]    EMA_LENGTH=200 | MIN_WICK_PCT=40 | RISK_REWARD=2.0 | MAX_POSITIONS=5
2026-06-25 11:42:56,874 [ERROR] Kite connection error: object of type 'NoneType' has no len()
2026-06-25 11:42:57,039 [INFO] [31m[1mWARNING: This is a development server. Do not use it in a production deployment. Use a production WSGI server instead.[0m
 * Running on all addresses (0.0.0.0)
 * Running on http://127.0.0.1:5000
 * Running on http://192.168.1.23:5000
2026-06-25 11:42:57,039 [INFO] [33mPress CTRL+C to quit[0m
2026-06-25 11:43:26,906 [ERROR] Kite connection error: object of type 'NoneType' has no len()
2026-06-25 11:43:56,935 [ERROR] Kite connection error: object of type 'NoneType' has no len()
2026-06-25 11:44:26,966 [ERROR] Kite connection error: object of type 'NoneType' has no len()
2026-06-25 11:44:56,997 [ERROR] Kite connection error: object of type 'NoneType' has no len()
2026-06-25 11:45:27,028 [ERROR] Kite connection error: object of type 'NoneType' has no len()
2026-06-25 13:48:40,331 [INFO] 🚀 WickFill Auto-Trader v2 — Zerodha Kite
2026-06-25 13:48:40,331 [INFO] Mode           : 📝 PAPER TRADING
2026-06-25 13:48:40,332 [INFO] Capital/trade  : ₹5,000.0
2026-06-25 13:48:40,332 [INFO] EMA Length     : 200
2026-06-25 13:48:40,332 [INFO] Min Wick %     : 40
2026-06-25 13:48:40,332 [INFO] Risk:Reward    : 1:2.0
2026-06-25 13:48:40,332 [INFO] Max Positions  : 5
2026-06-25 13:48:40,332 [ERROR] Kite connection error: object of type 'NoneType' has no len()
2026-06-25 13:48:40,332 [WARNING] Initial connection failed — will retry in scan loop
2026-06-25 13:48:40,334 [INFO] 🔍 Scan loop started
2026-06-25 13:48:40,334 [INFO]    EMA_LENGTH=200 | MIN_WICK_PCT=40 | RISK_REWARD=2.0 | MAX_POSITIONS=5
2026-06-25 13:48:40,335 [ERROR] Kite connection error: object of type 'NoneType' has no len()
2026-06-25 13:48:40,578 [INFO] [31m[1mWARNING: This is a development server. Do not use it in a production deployment. Use a production WSGI server instead.[0m
 * Running on all addresses (0.0.0.0)
 * Running on http://127.0.0.1:5000
 * Running on http://192.168.1.23:5000
2026-06-25 13:48:40,578 [INFO] [33mPress CTRL+C to quit[0m
2026-06-25 13:49:10,360 [ERROR] Kite connection error: object of type 'NoneType' has no len()
2026-06-26 12:47:32,986 [INFO] 🚀 WickFill Auto-Trader v2 — Zerodha Kite
2026-06-26 12:47:32,987 [INFO] Mode           : 📝 PAPER TRADING
2026-06-26 12:47:32,987 [INFO] Capital/trade  : ₹5,000.0
2026-06-26 12:47:32,987 [INFO] EMA Length     : 200
2026-06-26 12:47:32,987 [INFO] Min Wick %     : 40
2026-06-26 12:47:32,987 [INFO] Risk:Reward    : 1:2.0
2026-06-26 12:47:32,988 [INFO] Max Positions  : 5
2026-06-26 12:47:32,988 [ERROR] Kite connection error: object of type 'NoneType' has no len()
2026-06-26 12:47:32,988 [WARNING] Initial connection failed — will retry in scan loop
2026-06-26 12:47:32,990 [INFO] 🔍 Scan loop started
2026-06-26 12:47:32,990 [INFO]    EMA_LENGTH=200 | MIN_WICK_PCT=40 | RISK_REWARD=2.0 | MAX_POSITIONS=5
2026-06-26 12:47:32,991 [ERROR] Kite connection error: object of type 'NoneType' has no len()
2026-06-26 12:47:33,562 [INFO] [31m[1mWARNING: This is a development server. Do not use it in a production deployment. Use a production WSGI server instead.[0m
 * Running on all addresses (0.0.0.0)
 * Running on http://127.0.0.1:5000
 * Running on http://192.168.1.23:5000
2026-06-26 12:47:33,562 [INFO] [33mPress CTRL+C to quit[0m
2026-06-26 12:48:03,022 [ERROR] Kite connection error: object of type 'NoneType' has no len()
2026-06-26 12:48:33,053 [ERROR] Kite connection error: object of type 'NoneType' has no len()
2026-06-26 13:12:11,749 [INFO] 🚀 WickFill Auto-Trader v2 — Zerodha Kite
2026-06-26 13:12:11,749 [INFO] Mode           : 📝 PAPER TRADING
2026-06-26 13:12:11,750 [INFO] Capital/trade  : ₹5,000.0
2026-06-26 13:12:11,750 [INFO] EMA Length     : 200
2026-06-26 13:12:11,750 [INFO] Min Wick %     : 40
2026-06-26 13:12:11,750 [INFO] Risk:Reward    : 1:2.0
2026-06-26 13:12:11,750 [INFO] Max Positions  : 5
2026-06-26 13:12:11,750 [ERROR] Kite connection error: object of type 'NoneType' has no len()
2026-06-26 13:12:11,750 [WARNING] Initial connection failed — will retry in scan loop
2026-06-26 13:12:11,752 [INFO] 🔍 Scan loop started
2026-06-26 13:12:11,753 [INFO]    EMA_LENGTH=200 | MIN_WICK_PCT=40 | RISK_REWARD=2.0 | MAX_POSITIONS=5
2026-06-26 13:12:11,754 [ERROR] Kite connection error: object of type 'NoneType' has no len()
2026-06-26 13:12:11,913 [INFO] [31m[1mWARNING: This is a development server. Do not use it in a production deployment. Use a production WSGI server instead.[0m
 * Running on all addresses (0.0.0.0)
 * Running on http://127.0.0.1:5000
 * Running on http://192.168.1.23:5000
2026-06-26 13:12:11,913 [INFO] [33mPress CTRL+C to quit[0m
2026-06-26 13:12:41,772 [ERROR] Kite connection error: object of type 'NoneType' has no len()
2026-06-26 13:14:00,439 [INFO] 🚀 WickFill Auto-Trader v2 — Zerodha Kite
2026-06-26 13:14:00,440 [INFO] Mode           : 📝 PAPER TRADING
2026-06-26 13:14:00,440 [INFO] Capital/trade  : ₹5,000.0
2026-06-26 13:14:00,440 [INFO] EMA Length     : 200
2026-06-26 13:14:00,440 [INFO] Min Wick %     : 40
2026-06-26 13:14:00,440 [INFO] Risk:Reward    : 1:2.0
2026-06-26 13:14:00,440 [INFO] Max Positions  : 5
2026-06-26 13:14:00,440 [ERROR] Missing Kite credentials: USER_ID, PASSWORD, TOTP_SECRET. Set them in .env or use MANUAL_REQUEST_TOKEN for login.
2026-06-26 13:14:00,440 [WARNING] Initial connection failed — will retry in scan loop
2026-06-26 13:14:00,442 [INFO] 🔍 Scan loop started
2026-06-26 13:14:00,442 [INFO]    EMA_LENGTH=200 | MIN_WICK_PCT=40 | RISK_REWARD=2.0 | MAX_POSITIONS=5
2026-06-26 13:14:00,443 [ERROR] Missing Kite credentials: USER_ID, PASSWORD, TOTP_SECRET. Set them in .env or use MANUAL_REQUEST_TOKEN for login.
2026-06-26 13:14:00,584 [INFO] [31m[1mWARNING: This is a development server. Do not use it in a production deployment. Use a production WSGI server instead.[0m
 * Running on all addresses (0.0.0.0)
 * Running on http://127.0.0.1:5000
 * Running on http://192.168.1.23:5000
2026-06-26 13:14:00,584 [INFO] [33mPress CTRL+C to quit[0m
2026-06-26 13:14:30,460 [ERROR] Missing Kite credentials: USER_ID, PASSWORD, TOTP_SECRET. Set them in .env or use MANUAL_REQUEST_TOKEN for login.
2026-06-26 13:15:00,491 [ERROR] Missing Kite credentials: USER_ID, PASSWORD, TOTP_SECRET. Set them in .env or use MANUAL_REQUEST_TOKEN for login.
2026-06-26 13:15:30,509 [ERROR] Missing Kite credentials: USER_ID, PASSWORD, TOTP_SECRET. Set them in .env or use MANUAL_REQUEST_TOKEN for login.
2026-06-26 13:17:01,132 [INFO] 🚀 WickFill Auto-Trader v2 — Zerodha Kite
2026-06-26 13:17:01,132 [INFO] Mode           : 📝 PAPER TRADING
2026-06-26 13:17:01,132 [INFO] Capital/trade  : ₹5,000.0
2026-06-26 13:17:01,132 [INFO] EMA Length     : 200
2026-06-26 13:17:01,132 [INFO] Min Wick %     : 40
2026-06-26 13:17:01,132 [INFO] Risk:Reward    : 1:2.0
2026-06-26 13:17:01,132 [INFO] Max Positions  : 5
2026-06-26 13:17:01,132 [ERROR] Missing Kite credentials: USER_ID, PASSWORD, TOTP_SECRET. Set them in .env or use MANUAL_REQUEST_TOKEN for login.
2026-06-26 13:17:01,133 [WARNING] Initial connection failed — will retry in scan loop
2026-06-26 13:17:01,134 [INFO] 🔍 Scan loop started
2026-06-26 13:17:01,135 [INFO]    EMA_LENGTH=200 | MIN_WICK_PCT=40 | RISK_REWARD=2.0 | MAX_POSITIONS=5
2026-06-26 13:17:01,135 [ERROR] Missing Kite credentials: USER_ID, PASSWORD, TOTP_SECRET. Set them in .env or use MANUAL_REQUEST_TOKEN for login.
2026-06-26 13:17:01,283 [INFO] [31m[1mWARNING: This is a development server. Do not use it in a production deployment. Use a production WSGI server instead.[0m
 * Running on all addresses (0.0.0.0)
 * Running on http://127.0.0.1:5000
 * Running on http://192.168.1.23:5000
2026-06-26 13:17:01,283 [INFO] [33mPress CTRL+C to quit[0m
2026-06-26 13:17:31,166 [ERROR] Missing Kite credentials: USER_ID, PASSWORD, TOTP_SECRET. Set them in .env or use MANUAL_REQUEST_TOKEN for login.
2026-06-26 13:18:01,185 [ERROR] Missing Kite credentials: USER_ID, PASSWORD, TOTP_SECRET. Set them in .env or use MANUAL_REQUEST_TOKEN for login.
2026-06-26 13:18:31,215 [ERROR] Missing Kite credentials: USER_ID, PASSWORD, TOTP_SECRET. Set them in .env or use MANUAL_REQUEST_TOKEN for login.
2026-06-26 13:19:16,229 [INFO] 🚀 WickFill Auto-Trader v2 — Zerodha Kite
2026-06-26 13:19:16,230 [INFO] Mode           : 📝 PAPER TRADING
2026-06-26 13:19:16,230 [INFO] Capital/trade  : ₹5,000.0
2026-06-26 13:19:16,230 [INFO] EMA Length     : 200
2026-06-26 13:19:16,230 [INFO] Min Wick %     : 40
2026-06-26 13:19:16,230 [INFO] Risk:Reward    : 1:2.0
2026-06-26 13:19:16,230 [INFO] Max Positions  : 5
2026-06-26 13:19:16,230 [INFO] Using existing ACCESS_TOKEN from config
2026-06-26 13:19:16,230 [INFO] ✅ Connected via ACCESS_TOKEN
2026-06-26 13:19:16,571 [INFO] ✅ Loaded 9903 NSE instruments
2026-06-26 13:19:16,575 [INFO] 🔍 Scan loop started
2026-06-26 13:19:16,576 [INFO]    EMA_LENGTH=200 | MIN_WICK_PCT=40 | RISK_REWARD=2.0 | MAX_POSITIONS=5
2026-06-26 13:19:16,623 [WARNING] Candle fetch error RELIANCE: Insufficient permission for that call.
2026-06-26 13:19:16,675 [WARNING] Candle fetch error TCS: Insufficient permission for that call.
2026-06-26 13:19:16,722 [WARNING] Candle fetch error HDFCBANK: Insufficient permission for that call.
2026-06-26 13:19:16,757 [INFO] [31m[1mWARNING: This is a development server. Do not use it in a production deployment. Use a production WSGI server instead.[0m
 * Running on all addresses (0.0.0.0)
 * Running on http://127.0.0.1:5000
 * Running on http://192.168.1.23:5000
2026-06-26 13:19:16,758 [INFO] [33mPress CTRL+C to quit[0m
2026-06-26 13:19:16,766 [WARNING] Candle fetch error INFY: Insufficient permission for that call.
2026-06-26 13:19:16,814 [WARNING] Candle fetch error ICICIBANK: Insufficient permission for that call.
2026-06-26 13:19:16,863 [WARNING] Candle fetch error HINDUNILVR: Insufficient permission for that call.
2026-06-26 13:19:16,905 [WARNING] Candle fetch error ITC: Insufficient permission for that call.
2026-06-26 13:19:16,947 [WARNING] Candle fetch error SBIN: Insufficient permission for that call.
2026-06-26 13:19:16,994 [WARNING] Candle fetch error BHARTIARTL: Insufficient permission for that call.
2026-06-26 13:19:17,038 [WARNING] Candle fetch error KOTAKBANK: Insufficient permission for that call.
2026-06-26 13:19:17,078 [WARNING] Candle fetch error LT: Insufficient permission for that call.
2026-06-26 13:19:17,123 [WARNING] Candle fetch error AXISBANK: Insufficient permission for that call.
2026-06-26 13:19:17,164 [WARNING] Candle fetch error ASIANPAINT: Insufficient permission for that call.
2026-06-26 13:19:17,205 [WARNING] Candle fetch error MARUTI: Insufficient permission for that call.
2026-06-26 13:19:17,247 [WARNING] Candle fetch error SUNPHARMA: Insufficient permission for that call.
2026-06-26 13:19:17,289 [WARNING] Candle fetch error WIPRO: Insufficient permission for that call.
2026-06-26 13:19:17,333 [WARNING] Candle fetch error ULTRACEMCO: Insufficient permission for that call.
2026-06-26 13:19:17,375 [WARNING] Candle fetch error TITAN: Insufficient permission for that call.
2026-06-26 13:19:17,419 [WARNING] Candle fetch error BAJFINANCE: Insufficient permission for that call.
2026-06-26 13:19:17,462 [WARNING] Candle fetch error NESTLEIND: Insufficient permission for that call.
2026-06-26 13:19:20,505 [WARNING] Candle fetch error HCLTECH: Too many requests
2026-06-26 13:19:20,549 [WARNING] Candle fetch error POWERGRID: Insufficient permission for that call.
2026-06-26 13:19:20,596 [WARNING] Candle fetch error NTPC: Insufficient permission for that call.
2026-06-26 13:19:20,641 [WARNING] Candle fetch error TECHM: Insufficient permission for that call.
2026-06-26 13:19:20,712 [WARNING] Candle fetch error INDUSINDBK: Insufficient permission for that call.
2026-06-26 13:19:20,758 [WARNING] Candle fetch error M&M: Insufficient permission for that call.
2026-06-26 13:19:20,807 [WARNING] Candle fetch error TATASTEEL: Insufficient permission for that call.
2026-06-26 13:19:20,851 [WARNING] Candle fetch error BAJAJ-AUTO: Insufficient permission for that call.
2026-06-26 13:19:20,922 [WARNING] Candle fetch error GRASIM: Insufficient permission for that call.
2026-06-26 13:19:20,966 [WARNING] Candle fetch error ADANIPORTS: Insufficient permission for that call.
2026-06-26 13:19:21,012 [WARNING] Candle fetch error ONGC: Insufficient permission for that call.
2026-06-26 13:19:21,066 [WARNING] Candle fetch error COALINDIA: Insufficient permission for that call.
2026-06-26 13:19:21,115 [WARNING] Candle fetch error JSWSTEEL: Insufficient permission for that call.
2026-06-26 13:19:21,160 [WARNING] Candle fetch error BRITANNIA: Insufficient permission for that call.
2026-06-26 13:19:21,203 [WARNING] Candle fetch error DIVISLAB: Insufficient permission for that call.
2026-06-26 13:19:21,260 [WARNING] Candle fetch error CIPLA: Insufficient permission for that call.
2026-06-26 13:19:21,305 [WARNING] Candle fetch error HDFCLIFE: Insufficient permission for that call.
2026-06-26 13:19:21,353 [WARNING] Candle fetch error SBILIFE: Insufficient permission for that call.
2026-06-26 13:19:21,402 [WARNING] Candle fetch error BPCL: Insufficient permission for that call.
2026-06-26 13:19:21,448 [WARNING] Candle fetch error HEROMOTOCO: Insufficient permission for that call.
2026-06-26 13:19:21,492 [WARNING] Candle fetch error TATACONSUM: Insufficient permission for that call.
2026-06-26 13:25:49,027 [INFO] 🚀 WickFill Auto-Trader v2 — Zerodha Kite
2026-06-26 13:25:49,028 [INFO] Mode           : 📝 PAPER TRADING
2026-06-26 13:25:49,028 [INFO] Capital/trade  : ₹5,000.0
2026-06-26 13:25:49,028 [INFO] EMA Length     : 200
2026-06-26 13:25:49,028 [INFO] Min Wick %     : 40
2026-06-26 13:25:49,028 [INFO] Risk:Reward    : 1:2.0
2026-06-26 13:25:49,028 [INFO] Max Positions  : 5
2026-06-26 13:25:49,028 [INFO] Using existing ACCESS_TOKEN from config
2026-06-26 13:25:49,028 [INFO] ✅ Connected via ACCESS_TOKEN
2026-06-26 13:25:49,367 [INFO] ✅ Loaded 9903 NSE instruments
2026-06-26 13:25:49,371 [INFO] 🔍 Scan loop started
2026-06-26 13:25:49,372 [INFO]    EMA_LENGTH=200 | MIN_WICK_PCT=40 | RISK_REWARD=2.0 | MAX_POSITIONS=5
2026-06-26 13:25:49,427 [WARNING] Candle fetch error RELIANCE: Insufficient permission for that call.
2026-06-26 13:25:49,484 [WARNING] Candle fetch error TCS: Insufficient permission for that call.
2026-06-26 13:25:49,530 [INFO] [31m[1mWARNING: This is a development server. Do not use it in a production deployment. Use a production WSGI server instead.[0m
 * Running on all addresses (0.0.0.0)
 * Running on http://127.0.0.1:5000
 * Running on http://192.168.1.23:5000
2026-06-26 13:25:49,531 [INFO] [33mPress CTRL+C to quit[0m
2026-06-26 13:25:49,539 [WARNING] Candle fetch error HDFCBANK: Insufficient permission for that call.
2026-06-26 13:25:49,590 [WARNING] Candle fetch error INFY: Insufficient permission for that call.
2026-06-26 13:25:49,639 [WARNING] Candle fetch error ICICIBANK: Insufficient permission for that call.
2026-06-26 13:25:49,693 [WARNING] Candle fetch error HINDUNILVR: Insufficient permission for that call.
2026-06-26 13:25:49,742 [WARNING] Candle fetch error ITC: Insufficient permission for that call.
2026-06-26 13:25:49,794 [WARNING] Candle fetch error SBIN: Insufficient permission for that call.
2026-06-26 13:25:49,846 [WARNING] Candle fetch error BHARTIARTL: Insufficient permission for that call.
2026-06-26 13:25:49,899 [WARNING] Candle fetch error KOTAKBANK: Insufficient permission for that call.
2026-06-26 13:25:49,947 [WARNING] Candle fetch error LT: Insufficient permission for that call.
2026-06-26 13:25:50,017 [WARNING] Candle fetch error AXISBANK: Insufficient permission for that call.
2026-06-26 13:25:50,075 [WARNING] Candle fetch error ASIANPAINT: Insufficient permission for that call.
2026-06-26 13:25:50,125 [WARNING] Candle fetch error MARUTI: Insufficient permission for that call.
2026-06-26 13:25:50,180 [WARNING] Candle fetch error SUNPHARMA: Insufficient permission for that call.
2026-06-26 13:25:50,233 [WARNING] Candle fetch error WIPRO: Insufficient permission for that call.
2026-06-26 13:25:50,290 [WARNING] Candle fetch error ULTRACEMCO: Insufficient permission for that call.
2026-06-26 13:25:50,342 [WARNING] Candle fetch error TITAN: Insufficient permission for that call.
2026-06-26 13:25:50,391 [WARNING] Candle fetch error BAJFINANCE: Insufficient permission for that call.
2026-06-26 13:25:50,443 [WARNING] Candle fetch error NESTLEIND: Insufficient permission for that call.
2026-06-26 13:25:50,497 [WARNING] Candle fetch error HCLTECH: Insufficient permission for that call.
2026-06-26 13:25:50,547 [WARNING] Candle fetch error POWERGRID: Insufficient permission for that call.
2026-06-26 13:25:50,598 [WARNING] Candle fetch error NTPC: Insufficient permission for that call.
2026-06-26 13:25:50,651 [WARNING] Candle fetch error TECHM: Insufficient permission for that call.
2026-06-26 13:25:50,701 [WARNING] Candle fetch error INDUSINDBK: Insufficient permission for that call.
2026-06-26 13:25:50,753 [WARNING] Candle fetch error M&M: Insufficient permission for that call.
2026-06-26 13:25:50,802 [WARNING] Candle fetch error TATASTEEL: Insufficient permission for that call.
2026-06-26 13:25:50,858 [WARNING] Candle fetch error BAJAJ-AUTO: Insufficient permission for that call.
2026-06-26 13:25:50,913 [WARNING] Candle fetch error GRASIM: Insufficient permission for that call.
2026-06-26 13:25:50,964 [WARNING] Candle fetch error ADANIPORTS: Insufficient permission for that call.
2026-06-26 13:25:51,040 [WARNING] Candle fetch error ONGC: Insufficient permission for that call.
2026-06-26 13:25:51,090 [WARNING] Candle fetch error COALINDIA: Insufficient permission for that call.
2026-06-26 13:25:51,138 [WARNING] Candle fetch error JSWSTEEL: Insufficient permission for that call.
2026-06-26 13:25:51,191 [WARNING] Candle fetch error BRITANNIA: Insufficient permission for that call.
2026-06-26 13:25:51,241 [WARNING] Candle fetch error DIVISLAB: Insufficient permission for that call.
2026-06-26 13:25:51,293 [WARNING] Candle fetch error CIPLA: Insufficient permission for that call.
2026-06-26 13:25:51,346 [WARNING] Candle fetch error HDFCLIFE: Insufficient permission for that call.
2026-06-26 13:25:51,395 [WARNING] Candle fetch error SBILIFE: Insufficient permission for that call.
2026-06-26 13:25:51,445 [WARNING] Candle fetch error BPCL: Insufficient permission for that call.
2026-06-30 11:38:47,006 [INFO] 🚀 WickFill Auto-Trader v2 — Zerodha Kite
2026-06-30 11:38:47,006 [INFO] Mode           : 📝 PAPER TRADING
2026-06-30 11:38:47,006 [INFO] Capital/trade  : ₹5,000.0
2026-06-30 11:38:47,006 [INFO] EMA Length     : 200
2026-06-30 11:38:47,007 [INFO] Min Wick %     : 40
2026-06-30 11:38:47,007 [INFO] Risk:Reward    : 1:2.0
2026-06-30 11:38:47,007 [INFO] Max Positions  : 5
2026-06-30 11:38:47,007 [INFO] Using existing ACCESS_TOKEN from config
2026-06-30 11:38:47,007 [INFO] ✅ Connected via ACCESS_TOKEN
2026-06-30 11:38:47,367 [INFO] ✅ Loaded 9882 NSE instruments
2026-06-30 11:38:47,375 [INFO] 🔍 Scan loop started
2026-06-30 11:38:47,376 [INFO]    EMA_LENGTH=200 | MIN_WICK_PCT=40 | RISK_REWARD=2.0 | MAX_POSITIONS=5
2026-06-30 11:38:47,631 [WARNING] Candle fetch error RELIANCE: Insufficient permission for that call.
2026-06-30 11:38:47,673 [WARNING] Candle fetch error TCS: Insufficient permission for that call.
2026-06-30 11:38:47,715 [WARNING] Candle fetch error HDFCBANK: Insufficient permission for that call.
2026-06-30 11:38:47,755 [WARNING] Candle fetch error INFY: Insufficient permission for that call.
2026-06-30 11:38:47,795 [WARNING] Candle fetch error ICICIBANK: Insufficient permission for that call.
2026-06-30 11:38:47,832 [WARNING] Candle fetch error HINDUNILVR: Insufficient permission for that call.
2026-06-30 11:38:47,871 [WARNING] Candle fetch error ITC: Insufficient permission for that call.
2026-06-30 11:38:47,913 [WARNING] Candle fetch error SBIN: Insufficient permission for that call.
2026-06-30 11:38:47,959 [WARNING] Candle fetch error BHARTIARTL: Insufficient permission for that call.
2026-06-30 11:38:47,964 [INFO] [31m[1mWARNING: This is a development server. Do not use it in a production deployment. Use a production WSGI server instead.[0m
 * Running on all addresses (0.0.0.0)
 * Running on http://127.0.0.1:5000
 * Running on http://192.168.1.23:5000
2026-06-30 11:38:47,964 [INFO] [33mPress CTRL+C to quit[0m
2026-06-30 11:38:47,998 [WARNING] Candle fetch error KOTAKBANK: Insufficient permission for that call.
2026-06-30 11:38:48,042 [WARNING] Candle fetch error LT: Insufficient permission for that call.
2026-06-30 11:38:48,079 [WARNING] Candle fetch error AXISBANK: Insufficient permission for that call.
2026-06-30 11:38:48,119 [WARNING] Candle fetch error ASIANPAINT: Insufficient permission for that call.
2026-06-30 11:38:48,161 [WARNING] Candle fetch error MARUTI: Insufficient permission for that call.
2026-06-30 11:38:48,201 [WARNING] Candle fetch error SUNPHARMA: Insufficient permission for that call.
2026-06-30 11:38:48,240 [WARNING] Candle fetch error WIPRO: Insufficient permission for that call.
2026-06-30 11:38:48,280 [WARNING] Candle fetch error ULTRACEMCO: Insufficient permission for that call.
2026-06-30 11:38:48,317 [WARNING] Candle fetch error TITAN: Insufficient permission for that call.
2026-06-30 11:38:48,358 [WARNING] Candle fetch error BAJFINANCE: Insufficient permission for that call.
2026-06-30 11:38:48,399 [WARNING] Candle fetch error NESTLEIND: Insufficient permission for that call.
2026-06-30 11:38:48,437 [WARNING] Candle fetch error HCLTECH: Insufficient permission for that call.
2026-06-30 11:38:48,478 [WARNING] Candle fetch error POWERGRID: Insufficient permission for that call.
2026-06-30 11:38:48,525 [WARNING] Candle fetch error NTPC: Insufficient permission for that call.
2026-06-30 11:48:53,104 [INFO] 🚀 WickFill Auto-Trader v2 — Zerodha Kite
2026-06-30 11:48:53,104 [INFO] Mode           : 📝 PAPER TRADING
2026-06-30 11:48:53,104 [INFO] Capital/trade  : ₹5,000.0
2026-06-30 11:48:53,104 [INFO] EMA Length     : 200
2026-06-30 11:48:53,104 [INFO] Min Wick %     : 40
2026-06-30 11:48:53,104 [INFO] Risk:Reward    : 1:2.0
2026-06-30 11:48:53,104 [INFO] Max Positions  : 5
2026-06-30 11:48:53,104 [INFO] Using existing ACCESS_TOKEN from config
2026-06-30 11:48:53,105 [INFO] ✅ Connected via ACCESS_TOKEN
2026-06-30 11:48:53,445 [INFO] ✅ Loaded 9882 NSE instruments
2026-06-30 11:48:53,449 [INFO] 🔍 Scan loop started
2026-06-30 11:48:53,450 [INFO]    EMA_LENGTH=200 | MIN_WICK_PCT=40 | RISK_REWARD=2.0 | MAX_POSITIONS=5
2026-06-30 11:48:53,547 [INFO] 🎯 Signal: SELL RELIANCE | EMA=1306.58
2026-06-30 11:48:53,547 [INFO] 📈 PAPER ENTER SELL RELIANCE @ 1295.0 | SL 1296.1 | TP 1292.8 | Qty 45
2026-06-30 11:48:53,672 [INFO] [31m[1mWARNING: This is a development server. Do not use it in a production deployment. Use a production WSGI server instead.[0m
 * Running on all addresses (0.0.0.0)
 * Running on http://127.0.0.1:5000
 * Running on http://192.168.1.23:5000
2026-06-30 11:48:53,673 [INFO] [33mPress CTRL+C to quit[0m
2026-06-30 11:48:54,586 [INFO] 🎯 Signal: BUY HDFCBANK | EMA=795.77
2026-06-30 11:48:54,586 [INFO] 📈 PAPER ENTER BUY HDFCBANK @ 799.25 | SL 798.95 | TP 799.85 | Qty 166
2026-06-30 11:48:56,079 [INFO] 🎯 Signal: SELL HINDUNILVR | EMA=2156.69
2026-06-30 11:48:56,079 [INFO] 📈 PAPER ENTER SELL HINDUNILVR @ 2124.2 | SL 2125.0 | TP 2122.6 | Qty 62
2026-06-30 11:48:56,571 [INFO] 🎯 Signal: SELL ITC | EMA=290.01
2026-06-30 11:48:56,572 [INFO] 📈 PAPER ENTER SELL ITC @ 288.1 | SL 288.6 | TP 287.1 | Qty 100
2026-06-30 11:48:57,070 [INFO] 🎯 Signal: SELL SBIN | EMA=1039.36
2026-06-30 11:48:57,071 [INFO] 📈 PAPER ENTER SELL SBIN @ 1037.9 | SL 1039.35 | TP 1035.0 | Qty 34
2026-06-30 11:48:57,472 [INFO] Scan done | Positions: 5/5 | PnL: ₹0.00
2026-06-30 11:53:57,669 [INFO] 📉 PAPER EXIT RELIANCE @ 1296.1 | PnL ₹-49.50 | SL_HIT
2026-06-30 11:53:57,894 [INFO] 📉 PAPER EXIT HINDUNILVR @ 2125.0 | PnL ₹-49.60 | SL_HIT
2026-06-30 11:53:58,089 [INFO] 📉 PAPER EXIT SBIN @ 1039.35 | PnL ₹-49.30 | SL_HIT
2026-06-30 11:53:58,192 [INFO] 🎯 Signal: SELL RELIANCE | EMA=1306.53
2026-06-30 11:53:58,192 [INFO] 📈 PAPER ENTER SELL RELIANCE @ 1296.7 | SL 1297.8 | TP 1294.5 | Qty 45
2026-06-30 11:53:59,214 [INFO] 🎯 Signal: BUY HDFCBANK | EMA=795.85
2026-06-30 11:54:00,705 [INFO] 🎯 Signal: SELL HINDUNILVR | EMA=2156.42
2026-06-30 11:54:00,705 [INFO] 📈 PAPER ENTER SELL HINDUNILVR @ 2124.5 | SL 2126.6 | TP 2120.3 | Qty 23
2026-06-30 11:54:01,199 [INFO] 🎯 Signal: SELL ITC | EMA=290.0
2026-06-30 11:54:02,196 [INFO] 🎯 Signal: BUY BHARTIARTL | EMA=1861.48
2026-06-30 11:54:02,196 [INFO] 📈 PAPER ENTER BUY BHARTIARTL @ 1864.2 | SL 1863.3 | TP 1866.0 | Qty 55
2026-06-30 11:54:02,597 [INFO] Scan done | Positions: 5/5 | PnL: ₹-148.40
2026-06-30 11:54:42,806 [INFO] 🚀 WickFill Auto-Trader v2 — Zerodha Kite
2026-06-30 11:54:42,806 [INFO] Mode           : 📝 PAPER TRADING
2026-06-30 11:54:42,807 [INFO] Capital/trade  : ₹5,000.0
2026-06-30 11:54:42,807 [INFO] EMA Length     : 200
2026-06-30 11:54:42,807 [INFO] Min Wick %     : 40
2026-06-30 11:54:42,807 [INFO] Risk:Reward    : 1:2.0
2026-06-30 11:54:42,807 [INFO] Max Positions  : 5
2026-06-30 11:54:42,807 [INFO] Using existing ACCESS_TOKEN from config
2026-06-30 11:54:42,807 [INFO] ✅ Connected via ACCESS_TOKEN
2026-06-30 11:54:43,160 [INFO] ✅ Loaded 9882 NSE instruments
2026-06-30 11:54:43,165 [INFO] 🔍 Scan loop started
2026-06-30 11:54:43,165 [INFO]    EMA_LENGTH=200 | MIN_WICK_PCT=40 | RISK_REWARD=2.0 | MAX_POSITIONS=5
2026-06-30 11:54:43,282 [INFO] 🎯 Signal: SELL RELIANCE | EMA=1306.53
2026-06-30 11:54:43,283 [INFO] 📈 PAPER ENTER SELL RELIANCE @ 1296.6 | SL 1297.8 | TP 1294.2 | Qty 41
2026-06-30 11:54:43,419 [INFO] [31m[1mWARNING: This is a development server. Do not use it in a production deployment. Use a production WSGI server instead.[0m
 * Running on all addresses (0.0.0.0)
 * Running on http://127.0.0.1:5000
 * Running on http://192.168.1.23:5000
2026-06-30 11:54:43,419 [INFO] [33mPress CTRL+C to quit[0m
2026-06-30 11:54:44,282 [INFO] 🎯 Signal: BUY HDFCBANK | EMA=795.85
2026-06-30 11:54:44,282 [INFO] 📈 PAPER ENTER BUY HDFCBANK @ 799.6 | SL 798.2 | TP 802.4 | Qty 35
2026-06-30 11:54:45,763 [INFO] 🎯 Signal: SELL HINDUNILVR | EMA=2156.43
2026-06-30 11:54:45,764 [INFO] 📈 PAPER ENTER SELL HINDUNILVR @ 2125.3 | SL 2126.6 | TP 2122.7 | Qty 38
2026-06-30 11:54:46,255 [INFO] 🎯 Signal: SELL ITC | EMA=290.0
2026-06-30 11:54:46,255 [INFO] 📈 PAPER ENTER SELL ITC @ 288.1 | SL 288.6 | TP 287.1 | Qty 100
2026-06-30 11:54:46,762 [INFO] 🎯 Signal: BUY SBIN | EMA=1039.43
2026-06-30 11:54:46,762 [INFO] 📈 PAPER ENTER BUY SBIN @ 1039.85 | SL 1036.95 | TP 1045.65 | Qty 17
2026-06-30 11:54:47,162 [INFO] Scan done | Positions: 5/5 | Watchlist: 70 symbols | PnL: ₹0.00
2026-06-30 11:59:47,345 [INFO] 📉 PAPER EXIT RELIANCE @ 1297.8 | PnL ₹-49.20 | SL_HIT
2026-06-30 11:59:48,842 [INFO] 🎯 Signal: BUY HDFCBANK | EMA=795.94
2026-06-30 11:59:50,374 [INFO] 🎯 Signal: SELL HINDUNILVR | EMA=2156.16
2026-06-30 11:59:50,871 [INFO] 🎯 Signal: SELL ITC | EMA=289.98
2026-06-30 11:59:51,370 [INFO] 🎯 Signal: BUY SBIN | EMA=1039.51
2026-06-30 11:59:51,874 [INFO] 🎯 Signal: BUY BHARTIARTL | EMA=1861.52
2026-06-30 11:59:51,875 [INFO] 📈 PAPER ENTER BUY BHARTIARTL @ 1866.7 | SL 1863.3 | TP 1873.5 | Qty 14
2026-06-30 11:59:52,275 [INFO] Scan done | Positions: 5/5 | Watchlist: 70 symbols | PnL: ₹-49.20
2026-06-30 12:04:52,866 [INFO] Scan done | Positions: 5/5 | Watchlist: 70 symbols | PnL: ₹-49.20
2026-06-30 12:09:53,579 [INFO] 📉 PAPER EXIT HINDUNILVR @ 2122.7 | PnL ₹98.80 | TP_HIT
2026-06-30 12:09:53,961 [INFO] 🎯 Signal: SELL RELIANCE | EMA=1306.4
2026-06-30 12:09:53,961 [INFO] 📈 PAPER ENTER SELL RELIANCE @ 1295.2 | SL 1296.1 | TP 1293.4 | Qty 55
2026-06-30 12:09:54,362 [INFO] Scan done | Positions: 5/5 | Watchlist: 70 symbols | PnL: ₹49.60
2026-06-30 12:14:54,932 [INFO] Scan done | Positions: 5/5 | Watchlist: 70 symbols | PnL: ₹49.60
2026-06-30 12:19:55,417 [INFO] Scan done | Positions: 5/5 | Watchlist: 70 symbols | PnL: ₹49.60
2026-06-30 12:24:56,011 [INFO] 📉 PAPER EXIT RELIANCE @ 1296.1 | PnL ₹-49.50 | SL_HIT
2026-06-30 12:24:56,107 [INFO] 🎯 Signal: SELL RELIANCE | EMA=1306.27
2026-06-30 12:24:56,108 [INFO] 📈 PAPER ENTER SELL RELIANCE @ 1296.9 | SL 1297.5 | TP 1295.7 | Qty 83
2026-06-30 12:24:56,508 [INFO] Scan done | Positions: 5/5 | Watchlist: 70 symbols | PnL: ₹0.10
2026-06-30 12:30:43,493 [INFO] 🚀 WickFill Auto-Trader v2 — Zerodha Kite
2026-06-30 12:30:43,493 [INFO] Mode           : 📝 PAPER TRADING
2026-06-30 12:30:43,493 [INFO] Capital/trade  : ₹5,000.0
2026-06-30 12:30:43,494 [INFO] EMA Length     : 200
2026-06-30 12:30:43,494 [INFO] Min Wick %     : 40
2026-06-30 12:30:43,494 [INFO] Risk:Reward    : 1:2.0
2026-06-30 12:30:43,494 [INFO] Max Positions  : 5
2026-06-30 12:30:43,495 [INFO] Using existing ACCESS_TOKEN from config
2026-06-30 12:30:43,495 [INFO] ✅ Connected via ACCESS_TOKEN
2026-06-30 12:30:43,910 [INFO] ✅ Loaded 9882 NSE instruments
2026-06-30 12:30:43,915 [INFO] 🔍 Scan loop started
2026-06-30 12:30:43,915 [INFO]    EMA_LENGTH=200 | MIN_WICK_PCT=40 | RISK_REWARD=2.0 | MAX_POSITIONS=5
2026-06-30 12:30:44,032 [INFO] 🎯 Signal: SELL ADANIENT | EMA=3010.56
2026-06-30 12:30:44,033 [INFO] 📈 PAPER ENTER SELL ADANIENT @ 3002.3 | SL 3007.7 | TP 2991.5 | Qty 9
2026-06-30 12:30:44,218 [INFO] [31m[1mWARNING: This is a development server. Do not use it in a production deployment. Use a production WSGI server instead.[0m
 * Running on all addresses (0.0.0.0)
 * Running on http://127.0.0.1:5000
 * Running on http://192.168.1.23:5000
2026-06-30 12:30:44,218 [INFO] [33mPress CTRL+C to quit[0m
2026-06-30 12:30:45,077 [INFO] 🎯 Signal: BUY ASIANPAINT | EMA=2662.53
2026-06-30 12:30:45,077 [INFO] 📈 PAPER ENTER BUY ASIANPAINT @ 2665.6 | SL 2663.2 | TP 2670.4 | Qty 20
2026-06-30 12:30:45,600 [INFO] 🎯 Signal: SELL AXISBANK | EMA=1372.37
2026-06-30 12:30:45,600 [INFO] 📈 PAPER ENTER SELL AXISBANK @ 1355.2 | SL 1356.8 | TP 1352.0 | Qty 31
2026-06-30 12:30:46,103 [INFO] 🎯 Signal: SELL BAJAJ-AUTO | EMA=9729.21
2026-06-30 12:30:46,103 [INFO] 📈 PAPER ENTER SELL BAJAJ-AUTO @ 9723.0 | SL 9743.0 | TP 9683.0 | Qty 2
2026-06-30 12:30:46,604 [INFO] 🎯 Signal: BUY BAJAJFINSV | EMA=1773.78
2026-06-30 12:30:46,604 [INFO] 📈 PAPER ENTER BUY BAJAJFINSV @ 1776.6 | SL 1775.1 | TP 1779.6 | Qty 33
2026-06-30 12:30:47,005 [INFO] Scan done | Positions: 5/5 | Watchlist: 50 symbols | PnL: ₹0.00
2026-06-30 12:35:47,877 [INFO] Scan done | Positions: 5/5 | Watchlist: 50 symbols | PnL: ₹0.00
2026-06-30 12:40:48,517 [INFO] 📉 PAPER EXIT BAJAJFINSV @ 1779.6 | PnL ₹99.00 | TP_HIT
2026-06-30 12:40:48,657 [INFO] 🎯 Signal: SELL ADANIENT | EMA=3011.0
2026-06-30 12:40:49,705 [INFO] 🎯 Signal: BUY ASIANPAINT | EMA=2662.65
2026-06-30 12:40:50,227 [INFO] 🎯 Signal: SELL AXISBANK | EMA=1372.17
2026-06-30 12:40:50,758 [INFO] 🎯 Signal: SELL BAJAJ-AUTO | EMA=9729.27
2026-06-30 12:40:51,806 [INFO] 🎯 Signal: BUY BHARTIARTL | EMA=1862.39
2026-06-30 12:40:51,806 [INFO] 📈 PAPER ENTER BUY BHARTIARTL @ 1873.8 | SL 1873.0 | TP 1875.4 | Qty 62
2026-06-30 12:40:52,207 [INFO] Scan done | Positions: 5/5 | Watchlist: 50 symbols | PnL: ₹99.00
2026-06-30 12:45:52,434 [INFO] 📉 PAPER EXIT ADANIENT @ 3007.7 | PnL ₹-48.60 | SL_HIT
2026-06-30 12:45:52,788 [INFO] 📉 PAPER EXIT AXISBANK @ 1356.8 | PnL ₹-49.60 | SL_HIT
2026-06-30 12:45:53,671 [INFO] 🎯 Signal: BUY ADANIPORTS | EMA=1797.92
2026-06-30 12:45:53,672 [INFO] 📈 PAPER ENTER BUY ADANIPORTS @ 1804.3 | SL 1803.8 | TP 1805.3 | Qty 100
2026-06-30 12:45:54,708 [INFO] 🎯 Signal: SELL AXISBANK | EMA=1372.13
2026-06-30 12:45:54,708 [INFO] 📈 PAPER ENTER SELL AXISBANK @ 1358.4 | SL 1360.4 | TP 1354.4 | Qty 25
2026-06-30 12:45:55,109 [INFO] Scan done | Positions: 5/5 | Watchlist: 50 symbols | PnL: ₹0.80
2026-06-30 12:50:55,487 [INFO] 📉 PAPER EXIT BAJAJ-AUTO @ 9683.0 | PnL ₹80.00 | TP_HIT
2026-06-30 12:50:55,602 [INFO] 📉 PAPER EXIT BHARTIARTL @ 1873.0 | PnL ₹-49.60 | SL_HIT
2026-06-30 12:50:55,708 [INFO] 📉 PAPER EXIT ADANIPORTS @ 1803.8 | PnL ₹-50.00 | SL_HIT
2026-06-30 12:50:57,520 [INFO] 🎯 Signal: SELL AXISBANK | EMA=1372.1
2026-06-30 12:50:58,595 [INFO] 🎯 Signal: BUY BAJAJFINSV | EMA=1774.37
2026-06-30 12:50:58,595 [INFO] 📈 PAPER ENTER BUY BAJAJFINSV @ 1780.0 | SL 1778.4 | TP 1783.2 | Qty 31
2026-06-30 12:50:59,672 [INFO] 🎯 Signal: SELL BPCL | EMA=306.39
2026-06-30 12:50:59,673 [INFO] 📈 PAPER ENTER SELL BPCL @ 303.85 | SL 303.9 | TP 303.75 | Qty 1000
2026-06-30 12:51:02,301 [INFO] 🎯 Signal: BUY DRREDDY | EMA=1360.65
2026-06-30 12:51:02,301 [INFO] 📈 PAPER ENTER BUY DRREDDY @ 1363.0 | SL 1361.4 | TP 1366.2 | Qty 31
2026-06-30 12:51:02,702 [INFO] Scan done | Positions: 5/5 | Watchlist: 50 symbols | PnL: ₹-18.80
2026-06-30 12:56:03,295 [INFO] 📉 PAPER EXIT BPCL @ 303.75 | PnL ₹100.00 | TP_HIT
2026-06-30 12:56:04,640 [INFO] 🎯 Signal: BUY ASIANPAINT | EMA=2662.87
2026-06-30 12:56:05,150 [INFO] 🎯 Signal: SELL AXISBANK | EMA=1372.04
2026-06-30 12:56:07,495 [INFO] 🎯 Signal: SELL BPCL | EMA=306.38
2026-06-30 12:56:07,495 [INFO] 📈 PAPER ENTER SELL BPCL @ 303.55 | SL 303.9 | TP 302.85 | Qty 142
2026-06-30 12:56:07,896 [INFO] Scan done | Positions: 5/5 | Watchlist: 50 symbols | PnL: ₹81.20
2026-06-30 13:01:08,124 [INFO] 📉 PAPER EXIT ASIANPAINT @ 2663.2 | PnL ₹-48.00 | SL_HIT
2026-06-30 13:01:09,809 [INFO] 🎯 Signal: BUY ASIANPAINT | EMA=2662.84
2026-06-30 13:01:09,810 [INFO] 📈 PAPER ENTER BUY ASIANPAINT @ 2662.9 | SL 2660.8 | TP 2667.1 | Qty 23
2026-06-30 13:01:10,210 [INFO] Scan done | Positions: 5/5 | Watchlist: 50 symbols | PnL: ₹33.20
2026-06-30 13:06:10,670 [INFO] 📉 PAPER EXIT DRREDDY @ 1366.2 | PnL ₹99.20 | TP_HIT
2026-06-30 13:06:12,279 [INFO] 🎯 Signal: SELL ASIANPAINT | EMA=2662.82
2026-06-30 13:06:14,416 [INFO] 🎯 Signal: BUY BHARTIARTL | EMA=1862.96
2026-06-30 13:06:14,416 [INFO] 📈 PAPER ENTER BUY BHARTIARTL @ 1873.2 | SL 1872.6 | TP 1874.4 | Qty 83
2026-06-30 13:06:14,817 [INFO] Scan done | Positions: 5/5 | Watchlist: 50 symbols | PnL: ₹132.40
2026-06-30 13:11:15,034 [INFO] 📉 PAPER EXIT AXISBANK @ 1360.4 | PnL ₹-50.00 | SL_HIT
2026-06-30 13:11:15,475 [INFO] 📉 PAPER EXIT ASIANPAINT @ 2660.8 | PnL ₹-48.30 | SL_HIT
2026-06-30 13:11:15,750 [INFO] 🎯 Signal: SELL ADANIENT | EMA=3012.17
2026-06-30 13:11:15,750 [INFO] 📈 PAPER ENTER SELL ADANIENT @ 3004.1 | SL 3007.7 | TP 2996.9 | Qty 13
2026-06-30 13:11:16,273 [INFO] 🎯 Signal: BUY ADANIPORTS | EMA=1798.57
2026-06-30 13:11:16,274 [INFO] 📈 PAPER ENTER BUY ADANIPORTS @ 1801.8 | SL 1800.7 | TP 1804.0 | Qty 45
2026-06-30 13:11:16,674 [INFO] Scan done | Positions: 5/5 | Watchlist: 50 symbols | PnL: ₹34.10
2026-06-30 13:16:17,516 [INFO] Scan done | Positions: 5/5 | Watchlist: 50 symbols | PnL: ₹34.10
2026-06-30 13:21:18,414 [INFO] 📉 PAPER EXIT BHARTIARTL @ 1872.6 | PnL ₹-49.80 | SL_HIT
2026-06-30 13:21:18,541 [INFO] 📉 PAPER EXIT ADANIENT @ 3007.7 | PnL ₹-46.80 | SL_HIT
2026-06-30 13:21:18,671 [INFO] 📉 PAPER EXIT ADANIPORTS @ 1800.7 | PnL ₹-49.50 | SL_HIT
2026-06-30 13:21:20,011 [INFO] 🎯 Signal: SELL ASIANPAINT | EMA=2662.67
2026-06-30 13:21:20,011 [INFO] 📈 PAPER ENTER SELL ASIANPAINT @ 2657.2 | SL 2665.0 | TP 2641.6 | Qty 6
2026-06-30 13:21:20,619 [INFO] 🎯 Signal: SELL AXISBANK | EMA=1371.72
2026-06-30 13:21:20,619 [INFO] 📈 PAPER ENTER SELL AXISBANK @ 1356.8 | SL 1360.3 | TP 1349.8 | Qty 14
2026-06-30 13:21:21,432 [INFO] 🎯 Signal: SELL BAJAJ-AUTO | EMA=9729.18
2026-06-30 13:21:21,432 [INFO] 📈 PAPER ENTER SELL BAJAJ-AUTO @ 9700.0 | SL 9704.0 | TP 9692.0 | Qty 12
2026-06-30 13:21:21,833 [INFO] Scan done | Positions: 5/5 | Watchlist: 50 symbols | PnL: ₹-112.00
2026-06-30 13:26:22,612 [INFO] Scan done | Positions: 5/5 | Watchlist: 50 symbols | PnL: ₹-112.00
2026-06-30 13:31:23,309 [INFO] 📉 PAPER EXIT BAJAJ-AUTO @ 9704.0 | PnL ₹-48.00 | SL_HIT
2026-06-30 13:31:24,083 [INFO] 🎯 Signal: BUY ADANIPORTS | EMA=1798.94
2026-06-30 13:31:24,083 [INFO] 📈 PAPER ENTER BUY ADANIPORTS @ 1802.5 | SL 1800.7 | TP 1806.1 | Qty 27
2026-06-30 13:31:24,484 [INFO] Scan done | Positions: 5/5 | Watchlist: 50 symbols | PnL: ₹-160.00
2026-06-30 13:36:25,158 [INFO] Scan done | Positions: 5/5 | Watchlist: 50 symbols | PnL: ₹-160.00
2026-06-30 13:41:25,855 [INFO] Scan done | Positions: 5/5 | Watchlist: 50 symbols | PnL: ₹-160.00
2026-06-30 13:46:26,523 [INFO] 📉 PAPER EXIT ADANIPORTS @ 1806.1 | PnL ₹97.20 | TP_HIT
2026-06-30 13:46:27,680 [INFO] 🎯 Signal: SELL ASIANPAINT | EMA=2662.54
2026-06-30 13:46:28,213 [INFO] 🎯 Signal: SELL AXISBANK | EMA=1371.48
2026-06-30 13:46:28,745 [INFO] 🎯 Signal: SELL BAJAJ-AUTO | EMA=9730.15
2026-06-30 13:46:28,745 [INFO] 📈 PAPER ENTER SELL BAJAJ-AUTO @ 9722.0 | SL 9729.0 | TP 9708.0 | Qty 7
2026-06-30 13:46:29,146 [INFO] Scan done | Positions: 5/5 | Watchlist: 50 symbols | PnL: ₹-62.80
2026-06-30 13:51:29,825 [INFO] Scan done | Positions: 5/5 | Watchlist: 50 symbols | PnL: ₹-62.80
2026-06-30 13:56:30,661 [INFO] Scan done | Positions: 5/5 | Watchlist: 50 symbols | PnL: ₹-62.80
2026-06-30 14:01:31,328 [INFO] Scan done | Positions: 5/5 | Watchlist: 50 symbols | PnL: ₹-62.80
2026-06-30 14:06:32,022 [INFO] Scan done | Positions: 5/5 | Watchlist: 50 symbols | PnL: ₹-62.80
2026-06-30 14:11:32,622 [INFO] 📉 PAPER EXIT BAJAJ-AUTO @ 9729.0 | PnL ₹-49.00 | SL_HIT
2026-06-30 14:11:33,237 [INFO] 🎯 Signal: BUY ADANIPORTS | EMA=1800.19
2026-06-30 14:11:33,237 [INFO] 📈 PAPER ENTER BUY ADANIPORTS @ 1809.7 | SL 1807.4 | TP 1814.3 | Qty 21
2026-06-30 14:11:33,638 [INFO] Scan done | Positions: 5/5 | Watchlist: 50 symbols | PnL: ₹-111.80
2026-06-30 14:16:34,362 [INFO] Scan done | Positions: 5/5 | Watchlist: 50 symbols | PnL: ₹-111.80
2026-06-30 14:21:34,985 [INFO] Scan done | Positions: 5/5 | Watchlist: 50 symbols | PnL: ₹-111.80
2026-06-30 14:26:35,157 [INFO] 📉 PAPER EXIT BAJAJFINSV @ 1783.2 | PnL ₹99.20 | TP_HIT
2026-06-30 14:26:35,266 [INFO] 📉 PAPER EXIT BPCL @ 303.9 | PnL ₹-49.70 | SL_HIT
2026-06-30 14:26:35,600 [INFO] 📉 PAPER EXIT ADANIPORTS @ 1814.3 | PnL ₹96.60 | TP_HIT
2026-06-30 14:26:36,748 [INFO] 🎯 Signal: SELL ASIANPAINT | EMA=2661.7
2026-06-30 14:26:38,821 [INFO] 🎯 Signal: BUY BHARTIARTL | EMA=1863.49
2026-06-30 14:26:38,821 [INFO] 📈 PAPER ENTER BUY BHARTIARTL @ 1869.3 | SL 1866.4 | TP 1875.1 | Qty 17
2026-06-30 14:26:39,330 [INFO] 🎯 Signal: SELL BPCL | EMA=306.18
2026-06-30 14:26:39,331 [INFO] 📈 PAPER ENTER SELL BPCL @ 304.4 | SL 304.45 | TP 304.3 | Qty 999
2026-06-30 14:26:40,425 [INFO] 🎯 Signal: BUY CIPLA | EMA=1460.37
2026-06-30 14:26:40,425 [INFO] 📈 PAPER ENTER BUY CIPLA @ 1471.4 | SL 1468.3 | TP 1477.6 | Qty 16
2026-06-30 14:26:40,826 [INFO] Scan done | Positions: 5/5 | Watchlist: 50 symbols | PnL: ₹34.30
2026-06-30 14:31:41,325 [INFO] 📉 PAPER EXIT BPCL @ 304.3 | PnL ₹99.90 | TP_HIT
2026-06-30 14:31:42,605 [INFO] 🎯 Signal: SELL ASIANPAINT | EMA=2661.61
2026-06-30 14:31:44,733 [INFO] 🎯 Signal: BUY BHARTIARTL | EMA=1863.48
2026-06-30 14:31:45,244 [INFO] 🎯 Signal: SELL BPCL | EMA=306.17
2026-06-30 14:31:45,244 [INFO] 📈 PAPER ENTER SELL BPCL @ 303.75 | SL 304.45 | TP 302.35 | Qty 71
2026-06-30 14:31:45,645 [INFO] Scan done | Positions: 5/5 | Watchlist: 50 symbols | PnL: ₹134.20
2026-06-30 14:36:46,062 [INFO] 📉 PAPER EXIT BHARTIARTL @ 1866.4 | PnL ₹-49.30 | SL_HIT
2026-06-30 14:36:47,570 [INFO] 🎯 Signal: SELL ASIANPAINT | EMA=2661.53
2026-06-30 14:36:48,613 [INFO] 🎯 Signal: SELL BAJAJ-AUTO | EMA=9735.51
2026-06-30 14:36:48,613 [INFO] 📈 PAPER ENTER SELL BAJAJ-AUTO @ 9731.0 | SL 9743.0 | TP 9707.0 | Qty 4
2026-06-30 14:36:49,014 [INFO] Scan done | Positions: 5/5 | Watchlist: 50 symbols | PnL: ₹84.90
2026-06-30 14:41:49,375 [INFO] 📉 PAPER EXIT AXISBANK @ 1349.8 | PnL ₹98.00 | TP_HIT
2026-06-30 14:41:52,150 [INFO] 🎯 Signal: SELL BAJAJ-AUTO | EMA=9736.24
2026-06-30 14:41:52,667 [INFO] 🎯 Signal: BUY BAJAJFINSV | EMA=1776.5
2026-06-30 14:41:52,668 [INFO] 📈 PAPER ENTER BUY BAJAJFINSV @ 1783.2 | SL 1782.0 | TP 1785.6 | Qty 41
2026-06-30 14:41:53,068 [INFO] Scan done | Positions: 5/5 | Watchlist: 50 symbols | PnL: ₹182.90
2026-06-30 14:46:53,877 [INFO] Scan done | Positions: 5/5 | Watchlist: 50 symbols | PnL: ₹182.90
2026-06-30 14:51:54,523 [INFO] 📉 PAPER EXIT BAJAJFINSV @ 1782.0 | PnL ₹-49.20 | SL_HIT
2026-06-30 14:51:55,806 [INFO] 🎯 Signal: SELL ASIANPAINT | EMA=2661.21
2026-06-30 14:51:56,846 [INFO] 🎯 Signal: SELL BAJAJ-AUTO | EMA=9737.32
2026-06-30 14:51:57,378 [INFO] 🎯 Signal: BUY BAJAJFINSV | EMA=1776.62
2026-06-30 14:51:57,378 [INFO] 📈 PAPER ENTER BUY BAJAJFINSV @ 1780.1 | SL 1779.3 | TP 1781.7 | Qty 62
2026-06-30 14:51:57,779 [INFO] Scan done | Positions: 5/5 | Watchlist: 50 symbols | PnL: ₹133.70
2026-06-30 14:56:58,469 [INFO] Scan done | Positions: 5/5 | Watchlist: 50 symbols | PnL: ₹133.70
2026-06-30 15:01:58,646 [INFO] 📉 PAPER EXIT ASIANPAINT @ 2641.6 | PnL ₹93.60 | TP_HIT
2026-06-30 15:01:58,757 [INFO] 📉 PAPER EXIT CIPLA @ 1468.3 | PnL ₹-49.60 | SL_HIT
2026-06-30 15:01:59,147 [INFO] 📉 PAPER EXIT BAJAJFINSV @ 1779.3 | PnL ₹-49.60 | SL_HIT
2026-06-30 15:01:59,812 [INFO] 🎯 Signal: BUY ADANIPORTS | EMA=1801.7
2026-06-30 15:01:59,812 [INFO] 📈 PAPER ENTER BUY ADANIPORTS @ 1810.0 | SL 1805.6 | TP 1818.8 | Qty 11
2026-06-30 15:02:01,958 [INFO] 🎯 Signal: SELL BAJAJ-AUTO | EMA=9738.31
2026-06-30 15:02:02,554 [INFO] 🎯 Signal: SELL BAJAJFINSV | EMA=1776.58
2026-06-30 15:02:02,554 [INFO] 📈 PAPER ENTER SELL BAJAJFINSV @ 1774.0 | SL 1777.2 | TP 1767.6 | Qty 15
2026-06-30 15:02:03,608 [INFO] 🎯 Signal: SELL BPCL | EMA=306.11
2026-06-30 15:02:04,671 [INFO] 🎯 Signal: BUY CIPLA | EMA=1461.21
2026-06-30 15:02:04,672 [INFO] 📈 PAPER ENTER BUY CIPLA @ 1461.9 | SL 1460.6 | TP 1464.5 | Qty 38
2026-06-30 15:02:05,072 [INFO] Scan done | Positions: 5/5 | Watchlist: 50 symbols | PnL: ₹128.10
2026-06-30 15:07:05,806 [INFO] 📉 PAPER EXIT BAJAJFINSV @ 1777.2 | PnL ₹-48.00 | SL_HIT
2026-06-30 15:07:05,945 [INFO] 📉 PAPER EXIT CIPLA @ 1464.5 | PnL ₹98.80 | TP_HIT
2026-06-30 15:07:08,151 [INFO] 🎯 Signal: SELL BAJAJ-AUTO | EMA=9738.91
2026-06-30 15:07:08,665 [INFO] 🎯 Signal: BUY BAJAJFINSV | EMA=1776.65
2026-06-30 15:07:08,666 [INFO] 📈 PAPER ENTER BUY BAJAJFINSV @ 1780.8 | SL 1776.5 | TP 1789.4 | Qty 11
2026-06-30 15:07:09,806 [INFO] 🎯 Signal: SELL BPCL | EMA=306.1
2026-06-30 15:07:10,378 [INFO] 🎯 Signal: SELL BRITANNIA | EMA=5178.58
2026-06-30 15:07:10,379 [INFO] 📈 PAPER ENTER SELL BRITANNIA @ 5145.0 | SL 5148.0 | TP 5139.0 | Qty 16
2026-06-30 15:07:10,779 [INFO] Scan done | Positions: 5/5 | Watchlist: 50 symbols | PnL: ₹178.90
2026-06-30 15:12:11,591 [INFO] 📉 PAPER EXIT BRITANNIA @ 5139.0 | PnL ₹96.00 | TP_HIT
2026-06-30 15:12:13,927 [INFO] 🎯 Signal: SELL BAJAJ-AUTO | EMA=9739.29
2026-06-30 15:12:14,452 [INFO] 🎯 Signal: BUY BAJAJFINSV | EMA=1776.62
2026-06-30 15:12:15,648 [INFO] 🎯 Signal: SELL BPCL | EMA=306.08
2026-06-30 15:12:17,735 [INFO] 🎯 Signal: SELL DIVISLAB | EMA=6642.03
2026-06-30 15:12:17,735 [INFO] 📈 PAPER ENTER SELL DIVISLAB @ 6583.0 | SL 6587.5 | TP 6574.0 | Qty 11
2026-06-30 15:12:18,136 [INFO] Scan done | Positions: 5/5 | Watchlist: 50 symbols | PnL: ₹274.90
2026-06-30 15:17:18,809 [INFO] Scan done | Positions: 5/5 | Watchlist: 50 symbols | PnL: ₹274.90
2026-06-30 15:22:19,171 [INFO] 📉 PAPER EXIT BAJAJ-AUTO @ 9707.0 | PnL ₹96.00 | TP_HIT
2026-06-30 15:22:20,205 [INFO] 🎯 Signal: BUY ADANIPORTS | EMA=1802.1
2026-06-30 15:22:21,816 [INFO] 🎯 Signal: SELL BAJAJ-AUTO | EMA=9739.21
2026-06-30 15:22:21,816 [INFO] 📈 PAPER ENTER SELL BAJAJ-AUTO @ 9687.0 | SL 9704.0 | TP 9653.0 | Qty 2
2026-06-30 15:22:22,216 [INFO] Scan done | Positions: 5/5 | Watchlist: 50 symbols | PnL: ₹370.90
2026-06-30 15:27:22,811 [INFO] 📉 PAPER EXIT DIVISLAB @ 6587.5 | PnL ₹-49.50 | SL_HIT
2026-06-30 15:27:23,631 [INFO] 🎯 Signal: BUY ADANIPORTS | EMA=1802.21
2026-06-30 15:27:25,256 [INFO] 🎯 Signal: SELL BAJAJ-AUTO | EMA=9739.12
2026-06-30 15:27:25,808 [INFO] 🎯 Signal: BUY BAJAJFINSV | EMA=1776.75
2026-06-30 15:27:26,861 [INFO] 🎯 Signal: SELL BPCL | EMA=306.06
2026-06-30 15:27:27,389 [INFO] 🎯 Signal: SELL BRITANNIA | EMA=5177.91
2026-06-30 15:27:27,389 [INFO] 📈 PAPER ENTER SELL BRITANNIA @ 5151.0 | SL 5159.5 | TP 5134.0 | Qty 5
2026-06-30 15:27:27,790 [INFO] Scan done | Positions: 5/5 | Watchlist: 50 symbols | PnL: ₹321.40
2026-06-30 15:32:27,893 [INFO] Market closed. Opens in ~0 min. Sleeping 60 s…
2026-06-30 15:33:27,954 [INFO] Market closed. Opens in ~0 min. Sleeping 60 s…
2026-06-30 15:34:28,015 [INFO] Market closed. Opens in ~0 min. Sleeping 60 s…
2026-06-30 15:35:28,077 [INFO] Market closed. Opens in ~0 min. Sleeping 60 s…
2026-06-30 15:36:28,138 [INFO] Market closed. Opens in ~0 min. Sleeping 60 s…
2026-06-30 15:37:28,147 [INFO] Market closed. Opens in ~0 min. Sleeping 60 s…
2026-06-30 15:38:28,207 [INFO] Market closed. Opens in ~0 min. Sleeping 60 s…
2026-06-30 15:39:28,267 [INFO] Market closed. Opens in ~0 min. Sleeping 60 s…
2026-06-30 15:40:28,287 [INFO] Market closed. Opens in ~0 min. Sleeping 60 s…
2026-06-30 15:41:28,312 [INFO] Market closed. Opens in ~0 min. Sleeping 60 s…
